,mean
0,0.0
1,0.0
2,0.0
3,26.757771482634183
4,145.00070343029935
5,428.7986531904389
6,1045.399538814538
7,1963.150146610448
8,2721.3828126375015
9,3488.5926700611712
10,4130.108097749068
11,4174.291866781553
12,3890.294170430881
13,3201.426863464578
14,2539.1313044271938
15,1962.1408751475617
16,1375.4965526065077
17,730.0287772179222
18,309.6141142703544
19,45.55083732902845
20,0.0
21,0.0
22,0.0
23,0.0
24,0.0
25,0.0
26,0.0
27,148.27884675450034
28,607.5703403985955
29,1302.8378611049445
30,2455.9987777646566
31,3250.406461762735
32,3484.6029554618035
33,3470.54945666749
34,3414.163158578586
35,3476.6887752954194
36,3522.4086220007534
37,3509.618850123132
38,2741.623309587152
39,1919.6706386955811
40,1297.6122281898222
41,682.379833314961
42,276.2355392478326
43,36.160738097032606
44,0.0
45,0.0
46,0.0
47,0.0
48,0.0
49,0.0
50,0.0
51,95.57002473153877
52,359.38773750735464
53,788.232161764408
54,1416.9669072331726
55,2320.1603385299263
56,2952.9106233123944
57,3220.7561066672483
58,3242.318636400567
59,2902.9056228826107
60,2745.91838464186
61,2468.707675337549
62,2328.4102647677037
63,1733.431099838508
64,1095.4518477178897
65,604.0877624811613
66,271.6257647573211
67,45.441992939162304
68,0.0
69,0.0
70,0.0
71,0.0
72,0.0
73,0.0
74,0.0
75,92.2572107799508
76,386.793712875429
77,711.6478520257997
78,1014.8100433919112
79,1247.435036448402
80,1780.1346401371595
81,2635.9519740695782
82,3036.238158617203
83,3219.136774203101
84,3175.4172612980674
85,2515.8628147387503
86,2095.7822370520703
87,1577.305568155285
88,965.9367366568458
89,518.2983785943935
90,213.79949684544442
91,12.87854508144712
92,0.0
93,0.0
94,0.0
95,0.0
96,0.0
97,0.0
98,0.0
99,92.00673206555577
100,402.56494830590105
101,1147.041915562538
102,2200.4205931940355
103,3253.286396781245
104,4019.613894685737
105,3997.0594521911667
106,4111.031084397131
107,4162.652115107343
108,4014.64501272807
109,3588.4198248927664
110,2792.4810830099937
111,2231.172878130492
112,1441.2781317366682
113,719.7056569619853
114,319.21558091917626
115,48.72758811681917
116,0.0
117,0.0
118,0.0
119,0.0
120,0.0
121,0.0
122,0.0
123,161.90096687236888
124,600.009056709798
125,1411.3233648416744
126,2603.170947936937
127,3515.2381520972917
128,4205.313446452203
129,4396.108146728221
130,4454.548888719305
131,4328.40315540511
132,4144.194272295188
133,3784.390415126336
134,3172.652729557962
135,2383.334886497936
136,1522.6532127998837
137,737.1870406867788
138,354.88445909848116
139,81.55234475680744
140,0.0
141,0.0
142,0.0
143,0.0
144,0.0
145,0.0
146,0.0
147,186.88861788297618
148,633.1635417374183
149,1428.6807179639245
150,2618.5594143864296
151,3503.1130056624734
152,4063.115473623577
153,4234.025722500694
154,4223.24296112349
155,3869.816427366514
156,3418.215050225687
157,2801.3988828681177
158,2506.5558403148716
159,1928.6107350385491
160,1331.9428179360416
161,686.8817537636787
162,345.3911349251239
163,63.951793652932906
164,0.0
165,0.0
166,0.0
167,0.0
168,0.0
169,0.0
170,0.0
171,113.29902095286458
172,480.5200600657945
173,1204.451703231164
174,2183.889176777719
175,2999.9799308980546
176,3614.376807028681
177,3641.8039189048745
178,3272.091501927687
179,3216.270297996467
180,3032.8839095300395
181,2625.7526802895077
182,2388.9340023699665
183,2080.6111019096816
184,1443.2623561198495
185,761.6080640081146
186,378.7221041051702
187,80.08215410002741
188,0.0
189,0.0
190,0.0
191,0.0
192,0.0
193,0.0
194,0.0
195,154.13194934634996
196,497.6562182364164
197,950.3259254363956
198,1366.52025543481
199,1951.8948291771783
200,2516.9800140705634
201,2921.0971694335108
202,3168.9621849454047
203,3246.7375779702047
204,2725.0218503798483
205,2707.7804797537715
206,2341.1152175068637
207,1883.3547189088167
208,1232.3960211462684
209,745.6327223734296
210,382.0195986064493
211,97.61669251919038
212,0.0
213,0.0
214,0.0
215,0.0
216,0.0
217,0.0
218,0.0
219,119.39402998886042
220,479.63377985637493
221,1178.3704472577751
222,2360.2456018722387
223,3305.984791545026
224,4168.3718014841825
225,4449.78501983579
226,4668.96482272722
227,4709.0610406196165
228,4139.190106134707
229,3455.0930484022356
230,2529.181669809011
231,1597.693890852991
232,616.6886564295355
233,281.381885660064
234,66.55634400791898
235,5.939667363828968
236,0.0
237,0.0
238,0.0
239,0.0
240,0.0
241,0.0
242,0.0
243,114.33333779701154
244,379.3261342186491
245,1062.8973018217273
246,2239.7216258711014
247,3313.7093992802734
248,4088.8158529868447
249,4343.312382417926
250,4396.279139067018
251,4036.513016178758
252,3676.657894166104
253,3335.827617342771
254,3046.528650722223
255,2426.612026897532
256,1665.0864603197904
257,848.3058875680164
258,357.36424661140614
259,116.87296189289343
260,0.0
261,0.0
262,0.0
263,0.0
264,0.0
265,0.0
266,23.101315510348
267,261.0849819535718
268,597.0583667916591
269,1074.2697174086054
270,1550.5808889093944
271,1766.6744081233646
272,1910.5003421002054
273,1788.2149569240164
274,1618.334055567603
275,1779.3505084742283
276,1529.586404332351
277,870.6206656856202
278,841.9007819834793
279,637.0972853280548
280,428.0152340002141
281,246.34120705317432
282,91.68647615872716
283,13.86707737001774
284,0.0
285,0.0
286,0.0
287,0.0
288,0.0
289,0.0
290,0.6465696510629102
291,38.97714033192831
292,140.6720511963888
293,287.5671145753852
294,492.55489205480063
295,735.928128142728
296,958.5409413882456
297,1217.2361475089547
298,1348.6394415269356
299,1533.0582836062874
300,1514.2910094838142
301,1335.4284706016151
302,1109.8173912220366
303,856.4266361345731
304,559.5768297695874
305,336.2012242507495
306,182.11018971258807
307,37.06056572083775
308,0.0
309,0.0
310,0.0
311,0.0
312,0.0
313,0.0
314,14.300412053404864
315,130.61234855553207
316,397.9529893815007
317,771.7429583037634
318,1194.9086756461484
319,1769.672880722483
320,2372.3974096130264
321,2777.020332547266
322,3545.933906949033
323,4179.316482257615
324,4360.012221648923
325,4074.7220853732106
326,3467.640100506669
327,2678.5173147661203
328,1763.5762148017275
329,856.3132172852884
330,328.5601181271831
331,87.7169380795438
332,0.0
333,0.0
334,0.0
335,0.0
336,0.0
337,0.0
338,8.020317537223631
339,143.4566530435535
340,378.4708718496165
341,620.672506489887
342,907.9031622447701
343,1312.856174299506
344,1925.7121875753662
345,2428.9531479158672
346,2895.1085208943514
347,3137.419923255291
348,2792.122544937775
349,2592.4417551781457
350,2290.6547467943547
351,1412.8752715856383
352,691.2577066521843
353,318.0124050896661
354,117.47011392705059
355,28.623698778409462
356,0.0
357,0.0
358,0.0
359,0.0
360,0.0
361,0.0
362,26.22518289145548
363,198.1830586924365
364,501.42316199013345
365,928.6444798808948
366,2263.3640318929765
367,3496.8908162624775
368,4041.4400799536193
369,3795.6378504690197
370,3546.1368004765536
371,3104.4207360277283
372,2276.5735819397814
373,1665.4490855438305
374,1172.92077754064
375,806.7840874926866
376,534.7835745223819
377,351.59089516770604
378,171.62717145496717
379,47.63489814221171
380,4.66230591272107
381,0.0
382,0.0
383,0.0
384,0.0
385,0.0
386,26.270676359007307
387,159.66663734811945
388,400.70666638244035
389,1103.4575479598295
390,2139.261687295895
391,3024.1778965573453
392,3606.1449163065686
393,3607.438771972824
394,3395.018551627914
395,2361.2762651921116
396,2097.4477574682905
397,1346.1760211943513
398,1183.8136465035868
399,812.8572522165529
400,506.2348071414838
401,304.9237030803603
402,127.74602886663429
403,35.43315354220878
404,8.198151719461638
405,0.0
406,0.0
407,0.0
408,0.0
409,0.0
410,9.000508190090665
411,55.039440153665005
412,163.55128332546215
413,293.30535577398285
414,527.7918419455738
415,918.7879668216965
416,1437.6222529516428
417,2125.171521221791
418,2652.3028624454023
419,2673.5344737323953
420,2331.302705063995
421,2314.918417694856
422,2154.6627867200186
423,1770.6911377001668
424,1080.5603016324171
425,519.1475948202822
426,259.68470419110434
427,73.48178908820775
428,2.6363381389051184
429,0.0
430,0.0
431,0.0
432,0.0
433,0.0
434,29.62441903155815
435,154.40029653975847
436,376.55731188333243
437,645.9030818057005
438,1117.91551904107
439,1582.2043564374287
440,2300.299744758497
441,3015.2188919779924
442,3497.16762358216
443,3220.2133388505913
444,2756.019572714275
445,2340.111795670094
446,1962.1502118416518
447,1802.6577243153406
448,1447.6948130984674
449,812.061585537297
450,388.94102409752594
451,111.73909967727188
452,1.429825842953267
453,0.0
454,0.0
455,0.0
456,0.0
457,0.0
458,18.19590654028433
459,118.33091607928448
460,308.3683997065667
461,624.1138279464269
462,946.9597135131506
463,1327.1304292440143
464,1730.4814793746339
465,2284.7023918247137
466,2839.84489285272
467,3307.3357378938376
468,3178.7605788411443
469,2505.627535155664
470,1981.046963487556
471,1686.0093362853104
472,1137.751794738537
473,663.3944041470223
474,326.6086386657183
475,103.76109032459642
476,3.300476246857613
477,0.0
478,0.0
479,0.0
480,0.0
481,0.0
482,17.116128400908256
483,100.29545446328054
484,255.50522856400244
485,535.896222754333
486,1001.7671932589693
487,1717.5245150384387
488,2624.7581936693264
489,2955.884090512914
490,3054.350920272873
491,3224.2298879113823
492,3685.1378094384595
493,3770.684804095596
494,3530.0397301514126
495,2850.1212066155254
496,2077.6922188097105
497,1186.8773553068838
498,583.0929181187763
499,232.7551256469575
500,19.639067439658835
501,0.0
502,0.0
503,0.0
504,0.0
505,0.0
506,56.79505844994273
507,282.8263700029402
508,717.5609648650279
509,1380.301332897333
510,2382.115367054466
511,3113.364762389058
512,3856.8784478184184
513,3908.44487137691
514,3844.7975562348242
515,3787.2827124427604
516,3468.134644966758
517,3088.6495827597596
518,2675.674565764801
519,2138.6126984980283
520,1481.95550437806
521,834.6850876595039
522,425.2621322733855
523,193.31998574877147
524,21.300330870084156
525,0.0
526,0.0
527,0.0
528,0.0
529,0.0
530,59.625514875952824
531,270.3084978861646
532,725.9531487822637
533,1552.4791279042972
534,2497.7700708468765
535,3322.9790202954177
536,3993.773121114977
537,4209.119816520303
538,4500.246562566005
539,4285.900431347747
540,3447.706338592365
541,2430.623401106121
542,1208.7122818839111
543,1129.1527788052479
544,852.9297204482745
545,661.4620190531002
546,362.0417294356055
547,182.83975783732487
548,17.852706186132654
549,0.0
550,0.0
551,0.0
552,0.0
553,0.0
554,53.361573019594516
555,238.78980037905308
556,676.8384696219155
557,1570.244067151899
558,2610.27009828971
559,3615.7885413176778
560,4299.893646343436
561,4852.426903554667
562,5014.360106513568
563,5028.3548244784115
564,4580.127458710441
565,3902.4644021297095
566,2844.7995998192796
567,2081.08905738036
568,1525.9245312292358
569,958.0674182963085
570,457.2344639035526
571,223.90116836203057
572,29.185246173462204
573,0.0
574,0.0
575,0.0
576,0.0
577,0.0
578,78.72798923041249
579,285.8066814728652
580,781.3693186023789
581,1617.5641430436847
582,2579.396585305758
583,3453.446434826663
584,3981.5367629607267
585,4211.162942243481
586,4155.419128068213
587,3947.706326846918
588,3459.3491125452624
589,3222.303233154851
590,2840.8087441950543
591,2300.3635233802142
592,1658.433409668413
593,944.0486938550783
594,474.9485271295402
595,225.18969377310668
596,27.901826407784664
597,0.0
598,0.0
599,0.0
600,0.0
601,0.0
602,91.36056765391271
603,294.25039126160567
604,694.2098683933546
605,1440.7935442426276
606,2608.684059002961
607,3515.2722310801873
608,4131.563211330501
609,4184.984260094836
610,4214.504336344642
611,4107.9097597682
612,3931.833887156208
613,3663.4950182277516
614,3322.4006025110825
615,2858.616377865561
616,1925.117572101407
617,1073.7858549307905
618,521.3391743038522
619,247.14991957970474
620,40.15198802027334
621,0.0
622,0.0
623,0.0
624,0.0
625,0.0
626,55.9666892046066
627,139.06079730050934
628,364.3492961082987
629,756.3907500158406
630,1311.4324573942354
631,2280.800201588328
632,3364.0030970888815
633,4187.657424955012
634,4770.049449455164
635,4803.964692488941
636,4738.201286633739
637,4356.099868854451
638,3839.945727586454
639,3030.1429643817387
640,2109.3915007767723
641,1160.1371514471477
642,568.3791619313205
643,256.29452134152814
644,46.577181961129035
645,0.0
646,0.0
647,0.0
648,0.0
649,0.0
650,61.87841031310423
651,218.18428258721164
652,628.3198668344871
653,1484.0972106964819
654,2606.6001180195753
655,3551.101121974693
656,4160.495893689356
657,4624.807753688206
658,4718.881541664243
659,4710.17119273797
660,4570.803248546578
661,4173.431797560935
662,3608.0760621584836
663,3027.3029287081918
664,2088.7505983277606
665,1184.6829048127
666,562.9052781748007
667,247.56197946084112
668,46.599523635703974
669,0.0
670,0.0
671,0.0
672,0.0
673,0.0
674,69.66825326687778
675,266.2146871333218
676,780.6429733947501
677,1794.3845757129627
678,2941.2404541183605
679,4065.3481248854373
680,4684.832038577942
681,5056.251277283624
682,5023.828717252713
683,4941.156708059824
684,4677.43289445258
685,4399.89544498269
686,3819.8873815247275
687,3113.0132824286407
688,2132.811045883256
689,1217.3484006527794
690,553.0093697241684
691,256.33850017456325
692,63.44888579865857
693,0.0
694,0.0
695,0.0
696,0.0
697,0.0
698,89.56832369063649
699,272.43746068594174
700,783.4533291035863
701,1694.3043629210852
702,2838.8314007110253
703,3759.125117006088
704,4433.968036720696
705,4874.228737626644
706,4840.075762382202
707,4742.3103273443585
708,4541.592762501368
709,3966.085619073811
710,3318.221112956878
711,2730.398416957148
712,1880.013320173484
713,1137.8378295265425
714,576.9397046680364
715,243.04865292633528
716,52.75197664374284
717,0.0
718,0.0
719,0.0
720,0.0
721,0.0
722,93.22674620882908
723,251.4629153479789
724,541.6098428758685
725,1007.4547373700674
726,1887.5788335166928
727,2743.4775970141723
728,3565.0121741465755
729,4369.212435710294
730,4572.666595286394
731,4343.966560849415
732,4157.77408513324
733,3916.458309293499
734,3472.2606130942877
735,2817.002569442891
736,1943.0618248960566
737,1168.6300401441658
738,576.0922559654417
739,291.5588641326567
740,78.75586459947844
741,0.0
742,0.0
743,0.0
744,0.0
745,0.0
746,101.08141516188603
747,282.9014029943301
748,777.7110260383655
749,1792.7673568284433
750,3005.567128580445
751,3976.976251362739
752,4447.7567999527555
753,4882.748479266832
754,5027.38865382566
755,5024.790517270368
756,4777.3536469687
757,4317.2091326055815
758,3733.033487399432
759,2981.082797116877
760,2050.5565552065814
761,1173.9999115930343
762,528.0579682572613
763,265.3516491460693
764,75.90639064045143
765,0.0
766,0.0
767,0.0
768,0.0
769,3.5177227437454497
770,75.60731048618236
771,262.9983348549856
772,744.908148960325
773,1738.5152288503125
774,2947.639737439205
775,3871.8361826726905
776,4493.329735470476
777,4812.968872768751
778,4997.8500585007705
779,4861.0309952131165
780,4533.747826253765
781,4106.070978823109
782,3459.5402391357693
783,2853.361480029187
784,2018.3750611687622
785,1173.5055511244095
786,554.9730775801044
787,282.6598312434531
788,77.21730603739606
789,0.0
790,0.0
791,0.0
792,0.0
793,2.8639644236101254
794,92.75514192565555
795,284.4283981649483
796,746.7583889230827
797,1585.1638664967368
798,2523.475776748461
799,3359.171606102647
800,3973.37168503772
801,4515.915120423695
802,4859.423817700026
803,4700.101621782599
804,4538.237164223185
805,3963.4896402947393
806,3062.399374514547
807,2410.8635278867837
808,1592.5095979676187
809,1047.2693867380053
810,521.9663249381307
811,240.6477102383707
812,61.28440982488711
813,0.0
814,0.0
815,0.0
816,0.0
817,0.0
818,82.67541227957942
819,281.78322431884425
820,790.0521944922842
821,1718.5566593084911
822,2846.9760850074986
823,3664.199161095714
824,4257.799562793337
825,4654.485809833013
826,4818.036129937211
827,4871.367154072322
828,4668.597924218778
829,4195.792817680246
830,3513.319219209267
831,2783.3036812005284
832,1958.684116859555
833,1121.104402203888
834,499.2601876790332
835,252.06112317221857
836,73.66543605990923
837,0.0
838,0.0
839,0.0
840,0.0
841,1.2737191231871212
842,78.7232273644709
843,247.403769316129
844,661.0649508360435
845,1425.8518535018202
846,2363.5308395156594
847,2991.4838748565567
848,3354.3877838292424
849,3694.4828241626815
850,4282.375846814743
851,4451.385916369382
852,4348.744393025506
853,4093.1191909993227
854,3547.126031367646
855,2751.183846475857
856,1686.8576233515662
857,929.0719442709274
858,502.41755999958485
859,231.5536807505138
860,81.06708994832245
861,0.0
862,0.0
863,0.0
864,0.0
865,3.7927511949703727
866,55.52220378836001
867,231.76243248123137
868,457.82905120959396
869,746.1612794905387
870,1197.0207922205493
871,1617.2432613244946
872,1993.4758508414234
873,1844.446270961095
874,2217.3815200762683
875,2287.3702619763844
876,1624.044103898914
877,1378.865152189265
878,1145.6924349127014
879,963.9275198920797
880,699.0718891720022
881,400.4857075098203
882,177.43404521989967
883,87.02608068898608
884,13.417692569710018
885,0.0
886,0.0
887,0.0
888,0.0
889,7.580787337639451
890,87.75034510343151
891,246.44406451901966
892,609.2122277681557
893,902.0910039034903
894,1338.0199929271846
895,1870.3539567838086
896,2331.971379939346
897,2639.772241527662
898,2938.922864302834
899,3588.0333937957316
900,3990.572959025187
901,4212.947227457303
902,3864.214714847392
903,3146.7185299574608
904,2285.8778637491937
905,1411.645233552879
906,703.220607376195
907,357.25292424385594
908,110.82288840686992
909,0.0
910,0.0
911,0.0
912,0.0
913,19.06655512824324
914,151.45693359378777
915,374.1345337057546
916,774.092836272128
917,1346.2866819275325
918,2057.5005746830016
919,2392.292647021947
920,2706.3286353694402
921,3128.136488577308
922,3456.4402954428515
923,3583.483685441021
924,3581.9313973649055
925,3259.591882914827
926,2614.0856031874077
927,2006.0441869244644
928,1307.8706895151593
929,723.4028468047917
930,388.5943668498137
931,188.75242488797048
932,47.85670737538715
933,5.621496869205856
934,0.0
935,0.0
936,0.0
937,7.658305561368619
938,102.89709749354097
939,303.52740625208577
940,782.1694399052026
941,1666.178360232548
942,2795.480174117912
943,3669.8800514724658
944,4168.557325683532
945,4384.021802285981
946,4539.376248640682
947,4468.261311090492
948,4357.994897893536
949,3994.6613004087735
950,3533.4521634528396
951,2932.7179263666253
952,2067.744130121127
953,1248.7221278110685
954,558.583692951616
955,281.9972649944772
956,87.84084704228302
957,3.5261067198084732
958,0.0
959,0.0
960,0.0
961,4.09676154210277
962,102.7635326396279
963,277.76540997974234
964,730.5697703782976
965,1620.3223441803066
966,2704.2605250382467
967,3630.123187671145
968,4245.817586625875
969,4536.722426977581
970,4616.0317864702965
971,4150.472476987606
972,3898.1608908924995
973,3704.0026934280304
974,3227.9529272639647
975,2507.345795781842
976,1612.5969402853946
977,810.1269742761364
978,428.69109512898126
979,235.92795834784707
980,75.42441716392683
981,0.0
982,0.0
983,0.0
984,0.0
985,16.183803334582848
986,121.91085378124664
987,180.53087654158443
988,719.2337213476535
989,1406.2376000695047
990,2085.0472433266045
991,1657.6210674256893
992,2154.617036954713
993,2238.551729563794
994,2238.3904072887563
995,1511.383849722468
996,851.0346071154703
997,688.2078888683118
998,665.8281076654719
999,517.7532092119355
1000,442.9147945683084
1001,340.8181634908379
1002,108.09521459494171
1003,26.567954226715603
1004,9.204612709602321
1005,2.7827181546715907
1006,0.0
1007,0.0
1008,0.0
1009,4.644898516140312
1010,83.74148408553124
1011,278.4115283490058
1012,694.3285823993488
1013,1036.4892922648269
1014,1247.433638776789
1015,1476.1238576927187
1016,1701.0652480742144
1017,2268.6727078094696
1018,2622.213754183647
1019,2707.9211479039673
1020,2253.7115027172904
1021,1893.060499926088
1022,1332.1380561747455
1023,1071.6811479059936
1024,946.6812902002147
1025,758.9884683722747
1026,449.61572089156704
1027,216.0911617273015
1028,60.5318838745788
1029,1.3675631654444338
1030,0.0
1031,0.0
1032,0.0
1033,0.0
1034,67.86614814483717
1035,237.7845341199785
1036,397.57048211082724
1037,710.2407801765726
1038,1095.1448674199
1039,1525.5302350180311
1040,1734.530796678887
1041,1958.4076043412597
1042,2194.662917479876
1043,2093.521464888741
1044,1929.3014596091753
1045,1804.748263073209
1046,1440.4786145960204
1047,869.4489642860049
1048,650.2458646242953
1049,382.8900471802223
1050,190.22239485120966
1051,86.55727982589231
1052,13.144308014370637
1053,3.428456213901138
1054,0.0
1055,0.0
1056,0.0
1057,0.0
1058,16.690065209411575
1059,69.78133737715108
1060,177.50495221363408
1061,437.4988120237897
1062,871.6069644915164
1063,1304.7496631299166
1064,1621.475973048983
1065,1599.9769619725414
1066,1793.8187471955134
1067,1822.4351109175811
1068,1506.0007465310262
1069,1031.5568714137958
1070,738.182830023574
1071,614.4982901268579
1072,442.8761747554675
1073,337.5498902430793
1074,313.026258018682
1075,164.5787809342472
1076,47.429066890535125
1077,2.446859091296741
1078,0.0
1079,0.0
1080,0.0
1081,6.390074744297571
1082,66.71510678538363
1083,213.89366889616772
1084,384.7812691676354
1085,619.7449675779197
1086,989.4889480557522
1087,1627.481860253706
1088,1970.0083758529381
1089,2218.033935349336
1090,2060.665614976428
1091,1932.9704651669529
1092,1784.6729780976382
1093,1825.8288987062149
1094,1784.327838185155
1095,1733.6152537611126
1096,1452.635654892797
1097,897.4753233772311
1098,466.58983183045
1099,214.83525491018727
1100,63.11970596739953
1101,0.0
1102,0.0
1103,0.0
1104,0.0
1105,7.468809406006493
1106,82.09037412115036
1107,224.8454492491569
1108,407.086082807478
1109,877.0317883061208
1110,2114.8099068672514
1111,3472.260161596237
1112,3956.079530577517
1113,3990.0052260226676
1114,4321.414695955812
1115,4015.884646034401
1116,3372.7650085829478
1117,3063.251661603017
1118,2748.634294673662
1119,2222.459617566888
1120,1375.678365087477
1121,806.3953704882434
1122,393.7236452679647
1123,144.9247592699148
1124,21.95882124928939
1125,0.0
1126,0.0
1127,0.0
1128,0.0
1129,7.408141068670685
1130,84.85351309429026
1131,197.73449526897915
1132,468.9984952138027
1133,899.7792630869675
1134,1614.5024537659158
1135,2661.778033762225
1136,3496.9861582635835
1137,3939.2871337417623
1138,2918.7476658602045
1139,2412.260504134711
1140,2404.5644497279495
1141,2450.4476986610903
1142,1416.695853903461
1143,949.0487966219039
1144,424.6647187172396
1145,231.79018418069964
1146,125.54698987533963
1147,42.20773566354832
1148,4.232595726115103
1149,0.0
1150,0.0
1151,0.0
1152,0.0
1153,0.15969234661195197
1154,38.29491131661021
1155,76.70311879533793
1156,168.62311986685052
1157,247.73117577438492
1158,362.8030724341548
1159,514.5028153994059
1160,642.7162151330142
1161,826.8656916951795
1162,1250.5188321768767
1163,1877.8220221449749
1164,2335.4799532568254
1165,2415.419491714721
1166,2307.695154148864
1167,2129.0969925388404
1168,1634.7655668849857
1169,1109.705245468659
1170,617.2014825304883
1171,315.1409228701555
1172,119.6914602205968
1173,5.068329961233618
1174,0.0
1175,0.0
1176,0.0
1177,23.47577576455862
1178,134.00090166901262
1179,280.2191706288527
1180,759.5824521230066
1181,1618.261212832511
1182,2473.3485426996035
1183,2591.4266785746217
1184,1987.39110378043
1185,1541.565851814628
1186,1366.0827755347846
1187,1360.4631977170675
1188,907.0278672261938
1189,860.7086184552162
1190,1057.5380486037068
1191,935.1942478353377
1192,665.0241081515222
1193,381.740743350793
1194,292.04589216468054
1195,160.9288239303445
1196,37.96429213538023
1197,0.2068191948967373
1198,0.0
1199,0.0
1200,0.0
1201,11.28150058542657
1202,96.17724892548495
1203,250.7554025609755
1204,521.593284836272
1205,970.1105726794436
1206,1755.4953485359804
1207,2673.767903001783
1208,3314.75431204623
1209,4030.333373420354
1210,4276.005969260878
1211,4286.052763298471
1212,3554.7666473171807
1213,2533.341322344994
1214,1865.990327834112
1215,1285.00501126572
1216,667.576139880502
1217,349.57310362396817
1218,196.28712171327342
1219,79.47159435163125
1220,23.06760245177748
1221,5.796142655596728
1222,0.0
1223,0.0
1224,0.0
1225,0.12884078267049126
1226,28.860932711975096
1227,129.06106450635076
1228,208.27648136211624
1229,376.1467275416451
1230,504.44127058331605
1231,740.2382770954168
1232,930.179988062739
1233,1002.9299201658004
1234,1215.2291574901033
1235,1396.8349765461644
1236,1451.5017596079445
1237,1351.4091527149133
1238,1116.401918083653
1239,793.4726904830791
1240,592.6862101158617
1241,418.3715410642053
1242,263.4609105466897
1243,115.010461559396
1244,30.55911802031673
1245,1.899465303539223
1246,0.0
1247,0.0
1248,0.0
1249,2.7050053526552755
1250,69.1532653374418
1251,164.03290039644705
1252,293.63246041641224
1253,754.0535930937446
1254,1655.6493003034639
1255,2499.172869365306
1256,2776.3504560855595
1257,2834.8835522512977
1258,3223.779206589045
1259,3387.6865811967
1260,3867.9323422619186
1261,4089.777375165339
1262,3929.5279030260863
1263,3299.371765674141
1264,2449.716782041737
1265,1528.1466809984304
1266,801.1899035891155
1267,430.38774086306694
1268,159.9535017974058
1269,12.078280963883493
1270,0.0
1271,0.0
1272,0.0
1273,19.460522669715424
1274,124.23791915321881
1275,334.39986750867
1276,828.8390310957401
1277,1671.1162068645908
1278,2768.765071865994
1279,3784.147718509792
1280,4291.303629095374
1281,4556.903542526597
1282,4641.238833066273
1283,4808.473827056205
1284,4612.580609646579
1285,3702.090381979468
1286,2586.0278068189905
1287,1755.932027828393
1288,932.2455256787389
1289,429.9478687479403
1290,228.30607305466523
1291,99.28227339447714
1292,26.135288720842656
1293,7.4978939925640296
1294,0.0
1295,0.0
1296,0.0
1297,6.057340920208325
1298,44.93773570869899
1299,143.77218350427174
1300,291.1181650569061
1301,498.47312016221525
1302,869.8019745045814
1303,1262.4365078110097
1304,1974.037686489366
1305,2785.2014610171573
1306,3255.3433144367605
1307,2976.4592044281726
1308,2247.2180603037787
1309,1990.5538778624123
1310,1761.8642565966495
1311,1410.8585641068441
1312,976.9373032698209
1313,496.22254942853016
1314,184.89745542663354
1315,57.908840728149606
1316,7.141264530284666
1317,0.0
1318,0.0
1319,0.0
1320,0.0
1321,2.1257785008305254
1322,19.35669226697655
1323,105.33996061607745
1324,221.2517226090113
1325,389.3425126369391
1326,594.1125072818717
1327,907.2539089964371
1328,1268.1013356415076
1329,1580.6632173485793
1330,1836.5654115863697
1331,2374.4556748319633
1332,2228.6916303682797
1333,1971.851135878943
1334,1795.0368536807184
1335,1556.1929569689137
1336,1025.3988044593777
1337,550.8240462667818
1338,266.224267628835
1339,173.56113254648199
1340,51.35790614255698
1341,0.0
1342,0.0
1343,0.0
1344,0.0
1345,15.336880797827659
1346,145.61207352143342
1347,379.4372876662945
1348,818.2530980980382
1349,1341.9175564656439
1350,2036.7231550516542
1351,2726.8050854400653
1352,3138.984727034486
1353,3386.5726962661297
1354,3597.7457339416255
1355,3485.8998487541353
1356,3449.3925061464633
1357,3384.169632387686
1358,2512.4468327966842
1359,1638.3989646960406
1360,816.198317826707
1361,401.26148715491377
1362,283.5200481845424
1363,161.4121268230679
1364,44.25366801492053
1365,6.041405878121403
1366,0.0
1367,0.0
1368,0.0
1369,7.87807277819185
1370,116.94032554839868
1371,349.3110132102108
1372,748.2443051658669
1373,1602.0569459229546
1374,2595.7607750562024
1375,3584.6319040038975
1376,3871.1476654908206
1377,4022.290280829165
1378,3844.3290035068912
1379,3744.346770468522
1380,3501.114077496504
1381,3021.22410489146
1382,2907.4795728970657
1383,2409.4266114821758
1384,1773.1475245063227
1385,1131.291888728311
1386,572.2517639795437
1387,247.6393281030458
1388,61.09962247288805
1389,4.306676147588489
1390,0.0
1391,0.0
1392,0.0
1393,0.0
1394,42.86330166659817
1395,177.05710496262517
1396,428.7237099239008
1397,758.9218379962487
1398,936.0034099281752
1399,1246.2832825752764
1400,1489.8364115931697
1401,1966.981228622886
1402,2487.3334489626577
1403,2417.4224718146274
1404,2255.850916484997
1405,2579.7760325175495
1406,2979.5497929841754
1407,2799.252417113749
1408,2089.040682959385
1409,1281.599468366111
1410,633.6296928641722
1411,293.5864002846786
1412,93.76838127530935
1413,2.448371729532029
1414,0.0
1415,0.0
1416,0.0
1417,0.0
1418,25.906369335305083
1419,87.61853219696123
1420,197.63552018549058
1421,297.59869844712864
1422,473.5823615959802
1423,706.8773964258495
1424,863.6496638643703
1425,978.195253068223
1426,1122.182357711135
1427,1104.6930686768303
1428,870.3118860092918
1429,734.6357914702488
1430,811.841896054981
1431,958.2866668089943
1432,1022.7040306378987
1433,727.3648432637502
1434,411.78303243894425
1435,180.569170580501
1436,36.8539604484001
1437,0.0
1438,0.0
1439,0.0
1440,0.0
1441,13.804884769442403
1442,109.8861169276227
1443,314.2563388488144
1444,797.3286565286066
1445,1462.6181116043542
1446,2174.3366014620033
1447,3033.128456001952
1448,4075.545639875921
1449,4663.0862660714465
1450,4921.356424284262
1451,4902.1030761453085
1452,4858.605626698165
1453,4456.919582723761
1454,4011.614423790135
1455,3330.346250668055
1456,2384.8187202680897
1457,1434.3744389566589
1458,685.4749061530018
1459,360.58583289931994
1460,127.65568895839164
1461,1.118714090882474
1462,0.0
1463,0.0
1464,0.0
1465,0.0
1466,0.0
1467,0.0
1468,0.0
1469,0.0
1470,11.07078615804359
1471,76.39760016257745
1472,187.55381499239942
1473,362.92695049748426
1474,482.3862292376266
1475,534.4540367115319
1476,636.5728400750853
1477,645.0609689027052
1478,658.7654263637372
1479,661.1045628079038
1480,641.8980161032367
1481,501.7118386303535
1482,348.6182203908843
1483,237.07550279151346
1484,124.30059343526864
1485,51.69788554711118
1486,4.650870286926961
1487,0.0
1488,0.0
1489,0.0
1490,0.0
1491,0.0
1492,0.0
1493,0.0
1494,15.076332614892143
1495,65.01388284554447
1496,142.79211816907488
1497,256.87856263962345
1498,425.86639483797836
1499,541.3726679928112
1500,596.5131457188421
1501,602.6672594420675
1502,554.5763749117183
1503,530.40617394708
1504,488.42140716567565
1505,443.13324578835864
1506,318.1510569728684
1507,204.39790425153342
1508,119.3984317105794
1509,52.68301552461497
1510,7.839842567087551
1511,0.0
1512,0.0
1513,0.0
1514,0.0
1515,0.0
1516,0.0
1517,0.0
1518,13.89580855079226
1519,73.28058178192289
1520,138.63942890407486
1521,193.22249076283876
1522,254.1866586486012
1523,359.62287228246186
1524,515.8224368752593
1525,573.4552960812939
1526,617.8918672609874
1527,604.6949138782496
1528,482.40309477153005
1529,402.04265341454817
1530,300.49143456413645
1531,188.31900789186685
1532,105.50894761508307
1533,42.53997854727822
1534,1.7408808555892143
1535,0.0
1536,0.0
1537,0.0
1538,0.0
1539,0.0
1540,0.0
1541,0.0
1542,17.215316546361986
1543,88.90128926330085
1544,225.53224402699195
1545,394.52923029764474
1546,571.3545865065602
1547,739.2750671151358
1548,774.3561711036531
1549,792.3646187608853
1550,817.411289922782
1551,767.0275719399918
1552,682.7792466748784
1553,523.986816672182
1554,391.4960303559394
1555,250.73692080954507
1556,116.91983631423362
1557,49.81237724328485
1558,4.210772952428738
1559,0.0
1560,0.0
1561,0.0
1562,0.0
1563,0.0
1564,0.0
1565,0.0
1566,26.94825923647052
1567,114.93867229229808
1568,257.0730166565908
1569,443.46414449951175
1570,615.0610507394541
1571,770.7738228270796
1572,812.5955261325407
1573,838.0696019772548
1574,844.4333032670521
1575,789.247369751847
1576,708.6038026441505
1577,585.7978683465236
1578,427.5875318183368
1579,273.79194932482824
1580,133.13440670079254
1581,61.010679753010386
1582,11.129825799165054
1583,0.0
1584,0.0
1585,0.0
1586,0.0
1587,0.0
1588,0.0
1589,0.0
1590,20.47436877944787
1591,100.9200959157888
1592,237.73416734167802
1593,428.50979002650666
1594,589.3637454434264
1595,714.8855198734074
1596,775.1177396701019
1597,794.4542973815704
1598,713.6946494982584
1599,651.271841331729
1600,564.0551271211916
1601,457.9988929038812
1602,334.8646068887594
1603,227.542410119844
1604,115.14785292576802
1605,52.43040701836613
1606,6.579848428306562
1607,0.0
1608,0.0
1609,0.0
1610,0.0
1611,0.0
1612,0.0
1613,0.0
1614,15.650746214570006
1615,80.05537967137847
1616,201.78723531691284
1617,353.2906346975572
1618,495.4568435293915
1619,612.9475546947594
1620,647.1026740086535
1621,620.5274596490852
1622,614.775017053979
1623,590.8103644477145
1624,519.0050411358344
1625,462.3742732882063
1626,394.7222696644501
1627,261.2130995183366
1628,138.49481355815797
1629,55.88892845853178
1630,8.942463738255316
1631,0.0
1632,0.0
1633,0.0
1634,0.0
1635,0.0
1636,0.0
1637,0.0
1638,24.437336448846764
1639,98.48151739109456
1640,179.7315394930846
1641,260.2053380007971
1642,378.5495548162092
1643,483.21767258768136
1644,563.963451771645
1645,605.7792729785377
1646,628.6048787683904
1647,543.4929348122224
1648,552.1220741360939
1649,455.62977901093586
1650,361.8667192698685
1651,235.24986461260798
1652,137.14956254828215
1653,61.392933852476794
1654,11.706396746004053
1655,0.0
1656,0.0
1657,0.0
1658,0.0
1659,0.0
1660,0.0
1661,0.0
1662,26.09869947942585
1663,102.78726556104988
1664,222.11801501575064
1665,390.424946373969
1666,585.4854355578409
1667,766.994214471993
1668,845.4293384497886
1669,872.5627510599757
1670,904.7825157169262
1671,789.0622618087781
1672,662.6362881778244
1673,484.76611658073074
1674,322.06714029209905
1675,133.56697676467306
1676,64.68974422807048
1677,14.259578962204614
1678,0.0
1679,0.0
1680,0.0
1681,0.0
1682,0.0
1683,0.0
1684,0.0
1685,0.0
1686,22.16308421649762
1687,82.15776556617777
1688,200.64154814143615
1689,392.070931855998
1690,573.3884614173852
1691,729.6397806970481
1692,794.6323495284828
1693,826.0284635983722
1694,795.4394490886556
1695,711.2567641231227
1696,638.8147877350433
1697,566.8086453075044
1698,426.7681002677081
1699,279.869439827857
1700,145.20066092776153
1701,57.0006062951509
1702,9.88812543996085
1703,0.0
1704,0.0
1705,0.0
1706,0.0
1707,0.0
1708,0.0
1709,0.5743715089982605
1710,39.607679177248855
1711,111.16942814402988
1712,200.68900937540317
1713,282.8348128358442
1714,325.4952257700855
1715,382.9584481235989
1716,375.1189836480071
1717,341.5999208028527
1718,367.7663839650846
1719,321.74319036808146
1720,195.86769727490642
1721,183.86739896901034
1722,135.987943472458
1723,91.80629481085107
1724,52.86533753456278
1725,19.87148012246418
1726,2.2741375437219626
1727,0.0
1728,0.0
1729,0.0
1730,0.0
1731,0.0
1732,0.0
1733,0.10998643318008673
1734,5.575876289982907
1735,28.52788916345084
1736,60.35035201898373
1737,101.21302442224442
1738,154.80983938922523
1739,202.02947522283523
1740,255.81731748838934
1741,282.5374436887237
1742,316.3512381485884
1743,316.4012493957702
1744,281.3825808983429
1745,232.00606603756603
1746,175.1444768136986
1747,115.4278636445615
1748,70.52679499749647
1749,39.018882020265195
1750,6.077125701647097
1751,0.0
1752,0.0
1753,0.0
1754,0.0
1755,0.0
1756,0.0
1757,0.995259744071908
1758,26.590482222832538
1759,88.21831658918866
1760,162.0606318415993
1761,240.0200851840868
1762,351.6152778262719
1763,469.04392746873674
1764,534.7288098375219
1765,663.1977498763756
1766,785.0135866017678
1767,800.9719650945973
1768,755.2235508045724
1769,627.6982488202353
1770,457.55972993948234
1771,289.16054784357414
1772,151.8933250509878
1773,63.02569585672663
1774,13.759469950382835
1775,0.0
1776,0.0
1777,0.0
1778,0.0
1779,0.0
1780,0.0
1781,0.0
1782,30.70378294245349
1783,86.02869948285179
1784,131.19396697888405
1785,195.61308020227412
1786,289.10561128070043
1787,407.2638991619968
1788,505.60284912543847
1789,589.1291453854307
1790,633.1207446038985
1791,565.3119103518142
1792,527.340249546383
1793,459.12941871742515
1794,288.0911168479674
1795,144.52041188055045
1796,70.69269999656348
1797,25.051955097101338
1798,4.843166610816186
1799,0.0
1800,0.0
1801,0.0
1802,0.0
1803,0.0
1804,0.0
1805,3.5790157506432543
1806,38.40868935141428
1807,104.8767802263357
1808,172.86772277156274
1809,386.379711934233
1810,595.3999865981739
1811,712.5388925002795
1812,700.4447008764101
1813,657.8185258370172
1814,595.1339077389624
1815,447.6105966290063
1816,347.0885519284688
1817,254.81539239254934
1818,171.18441213838318
1819,114.91272291645731
1820,74.23201651576215
1821,36.63060697130128
1822,9.100781609348232
1823,0.4519490245869133
1824,0.0
1825,0.0
1826,0.0
1827,0.0
1828,0.0
1829,3.48509809589868
1830,35.69631186102275
1831,87.57250125802443
1832,206.8864870389739
1833,371.39482264858793
1834,530.7309932315685
1835,653.7593552625588
1836,678.889764289814
1837,674.8397669252683
1838,487.3604130500464
1839,439.7484295314461
1840,292.92323035006615
1841,258.6457651514327
1842,178.0305524890712
1843,112.70599946047047
1844,68.39118893387783
1845,29.554511668206413
1846,6.674301514255798
1847,2.074648588695159
1848,0.0
1849,0.0
1850,0.0
1851,0.0
1852,0.0
1853,0.866097147655026
1854,9.270795613396563
1855,34.66336755689538
1856,62.992846638626276
1857,113.20261666302225
1858,197.39975634175948
1859,308.7940803110456
1860,439.8395609357835
1861,524.4678229307307
1862,528.4834210247891
1863,483.6471188280979
1864,484.4615052828712
1865,424.97493873096124
1866,330.0094236188834
1867,212.41533202208765
1868,107.30067358327507
1869,55.68146867630764
1870,13.86453266819903
1871,0.17743749306842269
1872,0.0
1873,0.0
1874,0.0
1875,0.0
1876,0.0
1877,4.16986108051925
1878,30.93537787339147
1879,80.77449383108181
1880,135.64460786339703
1881,225.79461929776895
1882,320.0604484063066
1883,452.158596020203
1884,575.1692450504484
1885,655.2644062540369
1886,610.3377266862059
1887,546.023127506256
1888,477.2039691140437
1889,394.7177731308252
1890,353.0012859915277
1891,268.16013162473297
1892,152.22924393082275
1893,81.69485391118424
1894,24.447421100338456
1895,0.21884666235929381
1896,0.0
1897,0.0
1898,0.0
1899,0.0
1900,0.0
1901,1.748131687771477
1902,23.653606324546285
1903,66.69054388423343
1904,134.2131704116048
1905,199.78244141113615
1906,275.04841637200866
1907,356.80141761395583
1908,464.3598193678137
1909,567.7912222377503
1910,651.8373442991075
1911,620.5416191890658
1912,497.9704786563854
1913,403.7275223114105
1914,334.36635699970435
1915,230.49487399621708
1916,139.21530203869847
1917,68.14909613495458
1918,20.395928740273053
1919,0.2611327778284356
1920,0.0
1921,0.0
1922,0.0
1923,0.0
1924,0.0
1925,0.8292811013694279
1926,20.129182616851292
1927,56.281293677329906
1928,115.31369917015057
1929,205.5184882145493
1930,342.09224422329703
1931,496.60571724385
1932,554.2331094799739
1933,581.2001732275761
1934,624.8899143341672
1935,690.9914744323396
1936,675.9540330403569
1937,612.5903886878177
1938,462.69846030515737
1939,322.0922898308761
1940,186.37504279269714
1941,94.70384547326542
1942,28.94097186254275
1943,0.0
1944,0.0
1945,0.0
1946,0.0
1947,0.0
1948,0.0
1949,11.245106375053345
1950,61.763851130460544
1951,158.26909162809105
1952,277.56063894176975
1953,452.15208130684726
1954,589.6807022158183
1955,732.3569911634087
1956,774.4071987002503
1957,757.7587322819428
1958,750.1374792137226
1959,692.1621314705076
1960,623.2675887795722
1961,538.0748330724292
1962,421.69434706987096
1963,296.96009118764147
1964,177.17990788839242
1965,91.2772811987886
1966,35.800221208430145
1967,2.4094514584258704
1968,0.0
1969,0.0
1970,0.0
1971,0.0
1972,0.0
1973,10.456495034624082
1974,64.81401095383858
1975,163.48408526094622
1976,297.3485897995574
1977,461.3842382353009
1978,635.039342522989
1979,770.1917263183195
1980,812.1079642917597
1981,874.5732432327605
1982,837.4770296303345
1983,676.736888926683
1984,477.34057063968936
1985,253.43108816373123
1986,238.03917484778128
1987,190.49301732022533
1988,144.07663281815874
1989,83.10005178740323
1990,34.977390297320106
1991,1.3389328971350016
1992,0.0
1993,0.0
1994,0.0
1995,0.0
1996,0.0
1997,9.202406010251426
1998,58.52882637048796
1999,159.45200517637107
2000,320.09705531092135
2001,485.7185839496765
2002,674.5396826823049
2003,815.6801988650624
2004,921.7312007464293
2005,977.4232228299637
2006,991.1122471265398
2007,903.9268751004817
2008,775.1389559801219
2009,564.1806437819572
2010,416.9573145526385
2011,310.33927527888164
2012,198.21342440836145
2013,105.27300816107966
2014,40.46693237489243
2015,2.5412743442436665
2016,0.0
2017,0.0
2018,0.0
2019,0.0
2020,0.0
2021,14.970522699475874
2022,69.7675648732368
2023,180.80542450085235
2024,322.05436689076055
2025,488.0022549025959
2026,648.1814539190847
2027,760.793783641136
2028,820.6666677150056
2029,813.5147892123919
2030,766.9572746229551
2031,681.1029063895554
2032,633.8938557719658
2033,562.3215219048101
2034,451.3777478845009
2035,320.83211923569945
2036,193.68650049845505
2037,100.78369961256988
2038,39.25036817487222
2039,2.4874170176582453
2040,0.0
2041,0.0
2042,0.0
2043,0.0
2044,0.0
2045,18.070523588939686
2046,74.19665271001153
2047,167.72316167254198
2048,307.5326017452231
2049,509.4982920735408
2050,670.1397409323409
2051,781.9226124538387
2052,807.9214562512385
2053,827.384183247772
2054,805.3214129349262
2055,761.1814972329703
2056,709.6886061732043
2057,637.6143665846269
2058,521.8785389504649
2059,348.5623385435594
2060,208.41858766681727
2061,107.96604727956384
2062,39.96982144152465
2063,2.454208733353509
2064,0.0
2065,0.0
2066,0.0
2067,0.0
2068,0.0
2069,12.212536129604485
2070,34.74080506544474
2071,82.96608143574424
2072,163.6570115126368
2073,265.4463953815801
2074,449.3005113508063
2075,655.0679289172919
2076,812.7580512438698
2077,936.3444994429054
2078,948.5979447543738
2079,927.5084712287234
2080,839.0363193474927
2081,720.2553079202016
2082,537.1674489083854
2083,365.64854809441584
2084,212.17209921066163
2085,113.4352776364996
2086,40.39932262774921
2087,4.628744041850234
2088,0.0
2089,0.0
2090,0.0
2091,0.0
2092,0.0
2093,13.205605478913476
2094,57.135018430623205
2095,148.99904651227357
2096,301.0613769114877
2097,479.83554881233476
2098,646.2210559142542
2099,768.6230170641462
2100,870.2451810266981
2101,911.5127406150109
2102,929.4117160265456
2103,909.4045889616827
2104,821.103060503469
2105,688.69527413883
2106,550.3540873966048
2107,370.4971245364395
2108,221.7451590570688
2109,112.9965596374379
2110,41.82057919569819
2111,3.5533407825110657
2112,0.0
2113,0.0
2114,0.0
2115,0.0
2116,0.0
2117,13.416417519604408
2118,64.78102134405093
2119,176.70651689544238
2120,346.9679521737849
2121,540.4790235885091
2122,740.9219253350808
2123,872.076366598108
2124,958.9902207934833
2125,972.0312662514566
2126,975.444443438198
2127,939.1056346090426
2128,877.8217468513185
2129,727.9607821859386
2130,563.2782436330341
2131,376.70869383704934
2132,236.46188482836808
2133,117.05706595807703
2134,44.15908433148689
2135,5.0084215364524045
2136,0.0
2137,0.0
2138,0.0
2139,0.0
2140,0.0
2141,17.51080360184884
2142,73.50533195051423
2143,180.14768761745142
2144,333.0734993126461
2145,522.3395592580808
2146,688.5241251193866
2147,848.164141686495
2148,958.167989802464
2149,973.4042784367699
2150,977.8297324621436
2151,932.7905063637413
2152,800.8127664300838
2153,663.6894306276679
2154,533.2839121121004
2155,371.3804947140749
2156,244.3388545865246
2157,132.9686720521337
2158,50.91773948865031
2159,6.692321609823708
2160,0.0
2161,0.0
2162,0.0
2163,0.0
2164,0.0
2165,19.39400819332975
2166,59.48576293925808
2167,126.99345540752273
2168,216.56558682811723
2169,374.0277644716512
2170,524.2635595165568
2171,680.872911669605
2172,822.4567836244701
2173,871.3866193331909
2174,842.6060913300016
2175,815.6675175457316
2176,765.2251107194239
2177,655.6687942258396
2178,523.8063590548203
2179,377.41262986533843
2180,243.4573103435944
2181,131.06170515393032
2182,56.27005940869196
2183,10.69186021727298
2184,0.0
2185,0.0
2186,0.0
2187,0.0
2188,0.0
2189,24.015904947167808
2190,79.87502427129733
2191,188.92090319044402
2192,366.71393265845336
2193,578.1807038027798
2194,748.2541040845626
2195,870.7153662684136
2196,958.8219017584638
2197,996.5562215028921
2198,1005.9450131123253
2199,963.1340855080558
2200,861.2269373782354
2201,714.8113391505686
2202,546.266382512411
2203,373.3111441313077
2204,234.917303726966
2205,120.53090141017596
2206,51.5789433381374
2207,7.675823243580587
2208,0.0
2209,0.0
2210,0.0
2211,0.0
2212,0.3990767355334975
2213,19.97175416215887
2214,75.18919530067338
2215,186.53234665002412
2216,360.98378647272324
2217,564.3743199534986
2218,739.1236842586768
2219,867.5800483917525
2220,942.7449745395802
2221,984.0846130757037
2222,982.2822236913104
2223,914.2676078583221
2224,818.5035999256394
2225,679.6718530563545
2226,549.1820860645848
2227,387.3860249120319
2228,240.23898440984658
2229,126.4777905980061
2230,55.031345412000285
2231,9.708178984363231
2232,0.0
2233,0.0
2234,0.0
2235,0.0
2236,0.5227165609357024
2237,21.443126939038105
2238,79.47023694302769
2239,183.0184477335608
2240,327.56504117607716
2241,500.00423547769043
2242,666.9218948612339
2243,792.007304885878
2244,905.621665594736
2245,958.7794593842373
2246,933.9842476264272
2247,885.4697586554057
2248,772.3146294406432
2249,593.4356384982601
2250,464.6548247889422
2251,328.10835672152507
2252,226.5098715839786
2253,113.54776117424109
2254,43.099309433961714
2255,6.432647629749429
2256,0.0
2257,0.0
2258,0.0
2259,0.0
2260,0.0
2261,16.495764005860558
2262,75.08894990734854
2263,186.13864162580433
2264,349.83784015212115
2265,544.4503804019386
2266,699.4988460712008
2267,822.1843176880749
2268,907.641584081306
2269,946.8227975826613
2270,971.2979711816125
2271,926.7792674594324
2272,824.2627674406473
2273,675.139776170351
2274,527.1347792953799
2275,375.7895362048389
2276,234.08792536933345
2277,116.26600781925481
2278,51.93342661360497
2279,9.528002443905262
2280,0.0
2281,0.0
2282,0.0
2283,0.0
2284,478.72867492980026
2285,529.6841180262891
2286,590.247198696186
2287,699.6867220571058
2288,768.192418993257
2289,805.0557800776169
2290,712.1406236428594
2291,548.4126933693411
2292,392.5966295802654
2293,249.50177595158758
2294,125.400536602256
2295,56.829930271048575
2296,10.337605740652165
2297,0.0
2298,0.0
2299,0.0
2300,0.0
2301,0.7806789620180403
2302,30.17161575898734
2303,86.79989384465405
2304,178.0172903793639
2305,279.66458702521453
2306,412.00202394473894
2307,481.3865628666801
2308,552.2919475999093
2309,646.6645552251671
2310,711.666621645326
2311,725.2472653652553
2312,730.6965997441174
2313,663.9840714223109
2314,523.8551589521034
2315,408.6899695473678
2316,282.1440130355721
2317,168.73297446953072
2318,94.92570938388782
2319,42.67715965340826
2320,9.559929712367472
2321,1.21564112335486
2322,0.0
2323,0.0
2324,0.0
2325,1.8295118321982757
2326,25.143157948785785
2327,80.7672068267281
2328,183.96826213036368
2329,341.272166054503
2330,536.0859853105774
2331,702.035563870685
2332,808.8777417297892
2333,864.1163356364965
2334,901.1404638164794
2335,894.1587655519276
2336,859.6055781678214
2337,788.6736884526689
2338,681.1505325689362
2339,552.5692835431702
2340,390.27422825180173
2341,253.30373320714912
2342,127.94038319972263
2343,57.602342315955134
2344,12.325400061461208
2345,0.022234451321587783
2346,0.0
2347,0.0
2348,0.0
2349,1.8603654828886116
2350,28.16383756206605
2351,77.8350952718758
2352,178.00789873264537
2353,328.5959534530006
2354,512.3296069650675
2355,676.8471218011402
2356,802.8826549344564
2357,876.0243013191581
2358,903.1618914976375
2359,834.3655476049981
2360,802.7915742815817
2361,763.3841567770647
2362,655.953210405495
2363,484.34175477405535
2364,316.53864737844657
2365,177.82731720490668
2366,95.33456734179167
2367,49.876852500775335
2368,12.86026804572638
2369,0.0
2370,0.0
2371,0.0
2372,0.0
2373,1.3598130417346759
2374,24.680606114327095
2375,42.81092133585596
2376,140.06711837810568
2377,252.15104027593148
2378,387.68042318831766
2379,342.2939951796584
2380,451.7084745370937
2381,472.27181249899195
2382,478.3536233039992
2383,335.51170963536396
2384,205.95532098457238
2385,177.44705168237013
2386,156.39507521067898
2387,114.78299268769143
2388,96.19980375585499
2389,73.46770269771977
2390,25.479094009419395
2391,4.733428601092065
2392,1.280244615068898
2393,0.14083873382742848
2394,0.0
2395,0.0
2396,0.0
2397,0.047573675835660745
2398,15.972235550860674
2399,59.55970112824585
2400,143.39785931804934
2401,206.2530929964918
2402,244.58127484870374
2403,305.27815563773396
2404,352.24485095698316
2405,458.1649657133462
2406,516.4367836777916
2407,525.2744041417923
2408,455.7315393964048
2409,393.0670901653655
2410,281.73992756091366
2411,225.4754198263405
2412,192.67260046062302
2413,155.1034315004109
2414,91.30005789703989
2415,41.07797040719695
2416,9.511373649545407
2417,0.0
2418,0.0
2419,0.0
2420,0.0
2421,383.10034682940454
2422,398.875687832163
2423,339.89637409771785
2424,245.70901763846572
2425,172.34531540102202
2426,139.47279686509896
2427,96.81630022003543
2428,72.3055541876651
2429,69.35829471483713
2430,33.40916062257525
2431,8.16073264135604
2432,0.540000943044335
2433,0.0
2434,0.0
2435,0.0
2436,0.7157672339517221
2437,11.985654291999074
2438,44.97247118477264
2439,84.9061888247821
2440,132.99497435561867
2441,206.66995431767234
2442,321.4368494097054
2443,384.5101418317195
2444,438.975107362447
2445,411.56487565436555
2446,391.2667706465359
2447,368.5992203412059
2448,376.1081424230743
2449,357.6177259934429
2450,337.0575004568098
2451,276.9265011764681
2452,179.38865247112676
2453,97.17772501984825
2454,44.39947023449596
2455,10.958587494042826
2456,0.0
2457,0.0
2458,0.0
2459,0.0
2460,0.3190617995213676
2461,16.495153284689586
2462,50.6854273133086
2463,88.91277085521507
2464,187.54971508851614
2465,406.9020345411725
2466,643.4907645776493
2467,745.2230786758145
2468,774.67715674268
2469,853.1176409371877
2470,810.8590283683944
2471,679.841134030396
2472,623.4119752523947
2473,557.7981385980734
2474,446.84323895313696
2475,289.31193093898287
2476,187.78912014209538
2477,98.23631705283395
2478,34.623031537733254
2479,4.088741438535955
2480,0.028854683440592426
2481,0.0
2482,0.0
2483,0.0
2484,1.3332535646184065
2485,18.261436745029087
2486,45.94078437826918
2487,108.86396945491695
2488,195.59207224819045
2489,314.6156717645054
2490,524.8030126027285
2491,677.3628616852241
2492,758.0778293561802
2493,596.2311628588144
2494,509.74153979771853
2495,512.6666047818843
2496,521.1873884594982
2497,319.33911466074005
2498,224.77503842035753
2499,101.19560989917244
2500,54.00907031628631
2501,28.58375766150881
2502,8.600825183073622
2503,0.15707401719093603
2504,0.0
2505,0.0
2506,0.0
2507,0.0
2508,0.0
2509,6.618817592995374
2510,16.910550863802367
2511,38.81265646132409
2512,55.71295511277774
2513,81.92318812042899
2514,114.54484780728336
2515,145.06940422358858
2516,187.74102035516398
2517,275.8255046882968
2518,393.7719942283582
2519,477.7093095167188
2520,486.59700462552604
2521,463.5256655966611
2522,422.0994751015866
2523,317.26515979342724
2524,214.43981099302025
2525,122.2360597504552
2526,57.8352091856458
2527,14.278460628236985
2528,0.0008821832870074727
2529,0.0
2530,0.0
2531,0.0
2532,2.2466630752092125
2533,25.94365123250846
2534,63.11798548383627
2535,149.49993039878566
2536,293.3643802971957
2537,444.11889853114803
2538,492.74668482428655
2539,395.9973371788455
2540,329.6588334473925
2541,303.9250106493305
2542,308.5137690014369
2543,222.08997175969793
2544,207.39022901234898
2545,240.65258920523755
2546,208.34334740328845
2547,154.83637805428802
2548,91.86373619212121
2549,69.23751162274216
2550,38.289387639019075
2551,8.175014878645245
2552,0.6584368618012268
2553,0.0
2554,0.0
2555,0.0
2556,0.0
2557,19.536342383517972
2558,54.86014220330182
2559,119.79102240692123
2560,207.13253203411418
2561,350.52895336763953
2562,503.998752547586
2563,628.6693030179824
2564,774.3861760420642
2565,833.418261969858
2566,841.413481247714
2567,704.0367158665616
2568,513.5213340478468
2569,397.96820400580646
2570,278.5959372649525
2571,146.58296320457538
2572,81.77386934194541
2573,44.57014426226076
2574,17.491942023785864
2575,4.4225086532259485
2576,0.6221226493389428
2577,0.0
2578,0.0
2579,0.0
2580,0.0
2581,5.800614149091186
2582,28.13660880523474
2583,49.597563534726156
2584,88.54718274307555
2585,117.25403904136896
2586,169.44576531871016
2587,207.91544408697868
2588,233.306624641105
2589,280.6355468015486
2590,316.9422452152536
2591,324.16680552881473
2592,304.35739184446385
2593,251.1516092120876
2594,178.64209498917117
2595,131.27736184513546
2596,99.28563329839045
2597,60.40779475614524
2598,25.800886315618783
2599,5.8583795263327
2600,0.35923095539004946
2601,0.0
2602,0.0
2603,0.0
2604,554.5469840486825
2605,659.1836280338646
2606,596.5799782042886
2607,481.994020534796
2608,443.7171863610242
2609,376.8113887490152
2610,299.4975603982786
2611,208.931374182235
2612,110.12123817307963
2613,43.60303895747683
2614,14.677246857366937
2615,1.6212242275319442
2616,0.0
2617,0.0
2618,0.0
2619,0.0
2620,0.3676962088008013
2621,2.840436119625316
2622,23.716264511475405
2623,50.722953393853125
2624,88.05693928672213
2625,133.5050845875363
2626,204.28166659074898
2627,282.84732165006557
2628,342.6721977446984
2629,400.05150570039194
2630,502.3853081656127
2631,479.34584385889025
2632,422.7774771887767
2633,382.92518954596153
2634,320.8916676115446
2635,219.8324114712137
2636,124.82760006797143
2637,64.20646198390854
2638,39.70602620846571
2639,9.466964173653041
2640,0.0
2641,0.0
2642,0.0
2643,0.0
2644,1.9183263964366348
2645,28.57275134253469
2646,84.97734480945833
2647,171.11109809161516
2648,267.53032104698144
2649,401.9719870259424
2650,524.035620308217
2651,613.9728715399966
2652,680.9625128393702
2653,732.9475239966051
2654,710.6340867536143
2655,717.3912342546005
2656,693.8692843071194
2657,514.3499532377314
2658,348.660512180068
2659,186.62966598311598
2660,95.2958209474886
2661,72.12905242942459
2662,38.053448263395374
2663,8.238415976930455
2664,1.0445812590100387
2665,0.0
2666,0.0
2667,0.0
2668,1.4963933800321632
2669,27.86845752005327
2670,81.71517075069399
2671,166.84526072229747
2672,326.4491788723504
2673,486.68945053200605
2674,656.4461635296389
2675,735.1345052904961
2676,787.4588285881783
2677,764.1112653666975
2678,766.8604456155471
2679,720.2366906555884
2680,627.3948135960482
2681,599.8814954759087
2682,489.9010450604065
2683,358.31448696791404
2684,239.54385467020708
2685,124.6540296870316
2686,50.48964799745264
2687,9.406241467841854
2688,0.5986067850476187
2689,0.0
2690,0.0
2691,0.0
2692,0.0
2693,8.968677636920495
2694,41.957375095084465
2695,103.28703914259671
2696,171.49633858964546
2697,203.1775411794523
2698,264.6649706837491
2699,322.935076857011
2700,419.92580401382946
2701,521.9250725292272
2702,521.5758351621992
2703,488.3380138681335
2704,534.7925595746397
2705,578.5515045985775
2706,494.72420149258005
2707,353.6689733378958
2708,227.36871696753403
2709,117.0981589050957
2710,54.849463968122535
2711,13.135819651649372
2712,0.0
2713,0.0
2714,0.0
2715,0.0
2716,0.0
2717,4.17293514770688
2718,18.84551733511523
2719,42.73812258040257
2720,66.17410927951303
2721,106.25444672159288
2722,160.90678470158986
2723,199.00932504265566
2724,223.9459227671159
2725,257.7839913032098
2726,256.9049883861605
2727,211.78685200875077
2728,179.67784662677192
2729,188.79284624195148
2730,213.08781099779455
2731,217.56429189384733
2732,158.39474784608225
2733,87.62515965219688
2734,40.50591438909599
2735,6.408708966295863
2736,0.0
2737,0.0
2738,0.0
2739,0.0
2740,2.6438763423039995
2741,27.086597412380428
2742,87.70136305879095
2743,194.2442975594138
2744,318.8714659498921
2745,434.4827304260536
2746,584.1456018535313
2747,786.3953076148356
2748,910.918932617874
2749,963.2573452835477
2750,963.799860019945
2751,960.3950557753551
2752,879.5022077453378
2753,758.706044411987
2754,617.2598609192869
2755,435.31127115543717
2756,274.97744397169856
2757,146.9877394694433
2758,69.5918556878448
2759,15.260820786374802
2760,0.0
2761,0.0
2762,0.0
2763,0.0
2764,0.0
2765,0.0
2766,0.0
2767,3.4223705659606494
2768,21.953642759722303
2769,55.73563162617887
2770,134.47930066965174
2771,242.96315176676862
2772,347.51378990061306
2773,479.7217897151597
2774,594.6339387309596
2775,646.358126659311
2776,606.5831953839161
2777,506.1197851480979
2778,406.84893615521133
2779,318.3224600672696
2780,223.7375737797516
2781,123.38559499048061
2782,44.390893557113316
2783,4.143537157996984
2784,0.0
2785,0.0
2786,0.0
2787,0.0
2788,0.0
2789,0.0
2790,0.0
2791,7.599326928446829
2792,51.01814123381086
2793,133.122602512014
2794,264.17699694170597
2795,415.49713011399666
2796,470.2752440350625
2797,532.6355452875781
2798,523.5154767575632
2799,531.4116983442643
2800,531.899792818646
2801,544.7908566045429
2802,450.7028149670759
2803,321.51901570961815
2804,224.55322277209325
2805,136.60127648858395
2806,55.63625664311352
2807,6.7841819640072485
2808,0.0
2809,0.0
2810,0.0
2811,0.0
2812,0.0
2813,0.0
2814,0.0
2815,10.8208298285293
2816,53.823340840342006
2817,119.58005378054594
2818,209.44116684312795
2819,340.63192995421946
2820,441.106109492609
2821,495.63382592502893
2822,499.7404388008675
2823,472.40264513728556
2824,464.32330430586813
2825,440.9805200581321
2826,402.6035416177402
2827,308.0126241761837
2828,211.40624986189798
2829,126.64870582050752
2830,59.829327371977115
2831,10.097823764535582
2832,0.0
2833,0.0
2834,0.0
2835,0.0
2836,0.0
2837,0.0
2838,0.0
2839,11.371643821452757
2840,55.55528426716764
2841,113.95706340667282
2842,161.30920804797543
2843,219.71894401636743
2844,318.85301934425706
2845,409.5958212303066
2846,464.5911315610001
2847,496.9824590546787
2848,518.6900146709248
2849,433.8706703624818
2850,371.0761575900485
2851,284.47217649488283
2852,191.01198149883407
2853,109.2403144711966
2854,48.488741843551274
2855,4.782365623470497
2856,0.0
2857,0.0
2858,0.0
2859,0.0
2860,0.0
2861,0.0
2862,0.0
2863,12.295229947620198
2864,67.94876147764596
2865,164.954862235155
2866,300.2620250645885
2867,452.16989457932254
2868,590.7276755080343
2869,648.8162811480811
2870,657.7175179313234
2871,692.6272535606039
2872,671.9074465869062
2873,605.2973619003254
2874,489.292924157912
2875,363.72933236603825
2876,246.52661785772284
2877,132.20933980732198
2878,56.309317639960376
2879,10.091633227652435
2880,0.0
2881,0.0
2882,0.0
2883,0.0
2884,0.0
2885,0.0
2886,0.0
2887,16.924988407312316
2888,73.41665609938613
2889,178.92008970193118
2890,324.9671894741749
2891,472.017600000228
2892,598.9458115786406
2893,649.4975381995106
2894,669.2989784365469
2895,684.1472297874019
2896,631.024076951863
2897,596.4926702092556
2898,503.730930874749
2899,386.72484515985184
2900,254.9264682879802
2901,132.9964477143644
2902,63.32860117159719
2903,13.065268099875794
2904,0.0
2905,0.0
2906,0.0
2907,0.0
2908,0.0
2909,0.0
2910,0.0
2911,14.88045292606106
2912,66.43711878147576
2913,168.57907676463398
2914,325.02888913251076
2915,464.55907157882365
2916,583.2833976294822
2917,625.960858536566
2918,658.7173041352222
2919,609.7972612806664
2920,517.7996841255747
2921,477.17652363660204
2922,401.4847425232684
2923,309.8074774499388
2924,222.9346124028556
2925,130.59585181806008
2926,56.98215529917457
2927,9.931520152704673
2928,0.0
2929,0.0
2930,0.0
2931,0.0
2932,0.0
2933,0.0
2934,0.0
2935,15.002764549634527
2936,60.087672525887314
2937,142.0023613257209
2938,268.87988381751927
2939,386.16893743921986
2940,484.2214996600512
2941,551.5335393711499
2942,487.27698119048574
2943,479.3521425282822
2944,459.2215546334114
2945,406.65738301576295
2946,388.97344317848825
2947,355.2958165212294
2948,243.96653058147555
2949,137.96975235809018
2950,60.40642569979777
2951,14.138471180263808
2952,0.0
2953,0.0
2954,0.0
2955,0.0
2956,0.0
2957,0.0
2958,0.0
2959,21.784777893560996
2960,75.29605480017298
2961,143.10960664074835
2962,214.30486775168717
2963,309.5751367416549
2964,408.82726957407425
2965,467.4489921651279
2966,507.58013045922615
2967,522.1500076091374
2968,483.69644505432547
2969,488.2331917012613
2970,415.31806058445574
2971,334.6495356752612
2972,235.27057621414244
2973,142.16947419578116
2974,65.92612597354069
2975,14.612171261162961
2976,0.0
2977,0.0
2978,0.0
2979,0.0
2980,0.0
2981,0.0
2982,0.0
2983,21.578022395610134
2984,78.70129240144249
2985,164.50910202153662
2986,304.91276889154955
2987,480.25432423763095
2988,618.6957434376271
2989,672.5131861619917
2990,739.756308357923
2991,746.0048910687918
2992,665.0245102854657
2993,573.6106675279308
2994,439.3092166692311
2995,299.4125228323209
2996,125.25935668006939
2997,64.48277942199684
2998,15.730025797783355
2999,2.257140778107217
3000,0.0
3001,0.0
3002,0.0
3003,0.0
3004,0.0
3005,0.0
3006,0.0
3007,19.06871725964764
3008,63.128112988822615
3009,153.46408371108004
3010,308.4802204641149
3011,479.16993709051576
3012,616.8038508002346
3013,681.2802332651416
3014,694.9410604334731
3015,653.7872609829254
3016,618.5376409508287
3017,573.9585917094436
3018,520.8313616667424
3019,403.01950382106384
3020,267.08333218930073
3021,147.72885573360261
3022,60.7202808117861
3023,13.497172422239219
3024,0.0
3025,0.0
3026,0.0
3027,0.0
3028,0.0
3029,0.0
3030,0.0036142263128200965
3031,25.89989946348307
3032,86.05574508508819
3033,156.91088501088706
3034,226.7657141038591
3035,282.2908372596202
3036,319.10907550777046
3037,329.7761397996496
3038,321.01392875941775
3039,316.55412517897264
3040,274.0113898757987
3041,176.72622403577176
3042,165.53092124539128
3043,132.2976512224149
3044,91.75141160501543
3045,56.48623034457734
3046,23.186777759244453
3047,4.958388224938236
3048,0.0
3049,0.0
3050,0.0
3051,0.0
3052,0.0
3053,0.0
3054,0.0
3055,6.2804728348945105
3056,24.192659107946028
3057,51.37290380032394
3058,86.26565991057886
3059,131.30284832781533
3060,176.54697342781697
3061,224.97954145973884
3062,242.12022016478093
3063,272.0141626590986
3064,269.44712016253146
3065,234.18380588969023
3066,193.9814452591945
3067,149.79304246477844
3068,106.03044345936718
3069,68.71255704742583
3070,41.96640810715138
3071,10.94950921493465
3072,0.0
3073,0.0
3074,0.0
3075,0.0
3076,0.0
3077,0.0
3078,0.20390284932455838
3079,21.08929505575114
3080,58.718553785227726
3081,105.8766480780668
3082,168.00549205450784
3083,239.3491922702369
3084,313.0827657164647
3085,417.75826640767497
3086,552.8828277129148
3087,634.6489753911208
3088,694.9354398152258
3089,662.7775348836602
3090,549.9165818079722
3091,416.75109654144757
3092,278.56812529905216
3093,159.53217976307846
3094,64.84209136036516
3095,14.022895944828548
3096,0.0
3097,0.0
3098,0.0
3099,0.0
3100,0.0
3101,0.0
3102,0.525595972064491
3103,26.469614923312033
3104,69.58311643503664
3105,108.2163048657698
3106,163.36927883047986
3107,248.2195246500171
3108,370.95677912406745
3109,470.36056895840665
3110,547.1719521489266
3111,587.7423289922981
3112,553.8243280926686
3113,527.4434638812918
3114,411.0559352991001
3115,280.34956033697114
3116,138.493483430204
3117,63.71273395465712
3118,25.53220616353292
3119,9.181575720511372
3120,0.0
3121,0.0
3122,0.0
3123,0.0
3124,0.0
3125,0.0
3126,0.8885829983891093
3127,33.924620630173656
3128,81.54558334524002
3129,153.4414647979114
3130,297.8994443480987
3131,478.57050096394715
3132,568.4791847512644
3133,604.2888497134873
3134,579.8352341761735
3135,535.8978213605332
3136,416.7978759798416
3137,312.32195503739234
3138,218.6644298562779
3139,148.74779939553892
3140,104.52778239038349
3141,76.3269984331315
3142,43.734572795777495
3143,11.89855806059461
3144,0.812839503202759
3145,0.0
3146,0.0
3147,0.0
3148,0.0
3149,0.0
3150,4.208851952617901
3151,29.40100333238388
3152,69.76194143836972
3153,152.82828337494786
3154,277.60080012372333
3155,425.2151496684
3156,525.7684187503097
3157,553.4192753969729
3158,556.1349660722184
3159,436.35705482604914
3160,404.9808997057823
3161,271.1653999384662
3162,236.6070582838505
3163,161.8221942581409
3164,110.90077342552574
3165,66.80909390755674
3166,32.8656184115223
3167,10.718472086007138
3168,1.0678666383731632
3169,0.0
3170,0.0
3171,0.0
3172,0.0
3173,0.0
3174,0.4495877953712338
3175,9.241609649430545
3176,30.511513468053142
3177,55.07239328045713
3178,95.93499287048057
3179,168.68384339744048
3180,265.99435272893464
3181,380.2849826340062
3182,479.9040670458499
3183,472.7471091490629
3184,459.9673777655758
3185,427.47822401735226
3186,383.58547112448986
3187,307.5306448206174
3188,197.2036635936613
3189,113.58088780287027
3190,58.22265890045234
3191,16.111980917486925
3192,0.909731111500501
3193,0.0
3194,0.0
3195,0.0
3196,0.0
3197,0.0
3198,3.1006245893637097
3199,26.514441171435692
3200,64.89035646757367
3201,110.26154078897345
3202,181.83318404954733
3203,268.12440343340904
3204,357.9007548397622
3205,441.4117507401018
3206,516.3223754030829
3207,507.7375683987034
3208,434.4952092659509
3209,413.94073416368525
3210,346.1906214113756
3211,313.34997138414224
3212,243.12699693129528
3213,143.60032565058813
3214,75.92854604597956
3215,22.986266739127505
3216,0.6879085008449638
3217,0.0
3218,0.0
3219,0.0
3220,0.0
3221,0.0
3222,3.423711931080445
3223,20.371287910132313
3224,52.339485679281154
3225,94.35114434220628
3226,152.72841936860974
3227,216.2618564758756
3228,288.650204217435
3229,395.3992441438231
3230,483.0613781130701
3231,553.4669343686246
3232,536.5808410699664
3233,429.35937748870634
3234,349.39393071307023
3235,305.44619379874257
3236,211.25895115625198
3237,135.18814035136052
3238,70.3058061774671
3239,23.135543257518496
3240,1.3063902731908392
3241,0.0
3242,0.0
3243,0.0
3244,0.0
3245,0.0
3246,2.426881375317847
3247,17.282502166417284
3248,44.570277565252724
3249,86.49928272660271
3250,147.19717944824563
3251,250.66780142400327
3252,361.1820592552553
3253,396.2265283613793
3254,441.91124395877586
3255,511.96124276028377
3256,599.1589356821671
3257,597.6150005793792
3258,549.0996522959508
3259,431.2350277258302
3260,316.98778798736686
3261,197.42064587559443
3262,97.04507038499442
3263,28.224213361194572
3264,1.083958776157768
3265,0.0
3266,0.0
3267,0.0
3268,0.0
3269,0.0
3270,11.618670259162927
3271,49.73712111208017
3272,110.4398635487184
3273,197.42408828915407
3274,338.1999447897655
3275,469.6430915495677
3276,591.4055533129781
3277,639.968951207185
3278,635.0780267178658
3279,641.7805183975128
3280,602.6767318755311
3281,562.5358549732002
3282,476.5007172583767
3283,372.649225412277
3284,260.0779442026775
3285,164.7436118845456
3286,87.2919953204422
3287,37.85004723151069
3288,3.4157471247686093
3289,0.0
3290,0.0
3291,0.0
3292,0.0
3293,0.0
3294,8.869792675137793
3295,46.07814517150137
3296,112.77838743419711
3297,220.5742836793972
3298,364.78571767350917
3299,526.4815492450028
3300,639.3456712682877
3301,703.8953302780919
3302,746.3346916707511
3303,695.6081528944288
3304,592.3787983699941
3305,413.03911297320377
3306,218.75186227869165
3307,207.48251332844097
3308,171.43713379195205
3309,130.63181122194263
3310,77.62172541487128
3311,31.75293697302091
3312,5.9045153459443585
3313,0.0
3314,0.0
3315,0.0
3316,0.0
3317,0.0
3318,8.463582922239343
3319,42.67045673719263
3320,107.45211913539721
3321,220.41859839808163
3322,360.8232525414514
3323,541.0373067222399
3324,674.8871615952467
3325,790.1775002643253
3326,839.1695994933766
3327,862.72631295677
3328,764.2506657545708
3329,660.2436944466758
3330,469.100596295553
3331,368.6422049632453
3332,278.7322751020761
3333,187.43869200554153
3334,93.81569655269003
3335,35.803576581263634
3336,4.461944184133721
3337,0.0
3338,0.0
3339,0.0
3340,0.0
3341,0.0
3342,11.816080311757828
3343,49.769621046847284
3344,118.50205803175935
3345,227.60784036407438
3346,366.2269185091016
3347,503.64821524301846
3348,600.7058192541709
3349,658.5077584352761
3350,666.8553854772349
3351,633.5473396614082
3352,587.9909319238963
3353,567.2285020177105
3354,472.72059928580643
3355,390.7370185464679
3356,275.99814229168106
3357,172.39764607352302
3358,94.95084668566138
3359,37.844786006005634
3360,5.093501197408533
3361,0.0
3362,0.0
3363,0.0
3364,0.0
3365,0.0
3366,12.863280885747388
3367,52.090584732162114
3368,115.79052636001222
3369,217.85476705590062
3370,387.60567287093886
3371,536.3446927860981
3372,641.6105966885975
3373,699.4069758183163
3374,669.7949011062434
3375,662.4031340259604
3376,654.08463460009
3377,592.9116936606666
3378,546.5394267939464
3379,467.8989231434493
3380,317.95173734528777
3381,204.08769688308993
3382,107.64256362660085
3383,38.24887701917438
3384,5.4281052932685006
3385,0.0
3386,0.0
3387,0.0
3388,0.0
3389,0.0
3390,7.93610057794717
3391,27.083106923149188
3392,65.76786130751923
3393,126.96430203481741
3394,214.90064717173047
3395,376.8240003480214
3396,541.7321117410115
3397,693.0668661054075
3398,793.1796713748939
3399,846.053127357031
3400,846.9423991612252
3401,760.4592645457027
3402,637.8347022669788
3403,503.413286153563
3404,338.5777911128735
3405,212.89381432464504
3406,108.94501088117796
3407,34.52371436791974
3408,5.940239088481218
3409,0.0
3410,0.0
3411,0.0
3412,0.0
3413,0.0
3414,10.072590560426454
3415,38.71511046603418
3416,96.09650675044331
3417,204.6850571884531
3418,352.95215247607047
3419,498.3038230107832
3420,614.5797140094272
3421,729.7857679957038
3422,787.7799613109261
3423,805.7020944876826
3424,789.9340481434805
3425,733.4708488500363
3426,618.8111897116302
3427,501.1949911941744
3428,347.0075927510575
3429,222.92330306458777
3430,116.99813092003255
3431,39.47399893914798
3432,8.95711463939693
3433,0.0
3434,0.0
3435,0.0
3436,0.0
3437,0.0
3438,10.178772137123746
3439,45.011233287193086
3440,112.95289138029266
3441,233.01342004762492
3442,406.33673782984175
3443,595.434679357507
3444,727.663037831896
3445,815.5575954755941
3446,860.5580716777143
3447,855.9392788745886
3448,831.8955508789508
3449,783.6749854058854
3450,667.722320936417
3451,512.684763940532
3452,354.8222834619503
3453,229.61791453169724
3454,115.82768425910977
3455,42.22693378953048
3456,8.26959897728807
3457,0.0
3458,0.0
3459,0.0
3460,0.0
3461,0.0
3462,10.138949019101904
3463,43.84715545230038
3464,109.03780937214844
3465,228.08965158140037
3466,400.9859279783262
3467,555.5814295345104
3468,705.7356718040525
3469,818.5165462458122
3470,856.7323681806511
3471,870.0836941579041
3472,830.004790816574
3473,729.068853376567
3474,605.8221999534385
3475,488.0283520933865
3476,350.2553583866267
3477,233.46940355068205
3478,123.79767013910333
3479,50.81180801850854
3480,10.304807155539757
3481,0.0
3482,0.0
3483,0.0
3484,0.0
3485,0.0
3486,13.354734281520082
3487,45.885159321057984
3488,92.06470930786541
3489,167.12394097069694
3490,287.9919299971029
3491,423.4707773541768
3492,563.5799701897934
3493,690.3781783363839
3494,747.1052363766581
3495,729.5064602395145
3496,718.0457764098543
3497,677.3813613908123
3498,596.3511512527518
3499,474.91878344853063
3500,346.95307598463825
3501,224.43718342576244
3502,120.6148747136371
3503,52.34743448719118
3504,12.092151014838704
3505,0.0
3506,0.0
3507,0.0
3508,0.0
3509,0.0
3510,13.836565234499917
3511,48.54347395773804
3512,116.57172965129267
3513,247.50381226244747
3514,433.2073747398089
3515,597.8871641530001
3516,717.2530233517742
3517,804.039251879144
3518,874.0141729915654
3519,897.985521030504
3520,859.046761260481
3521,770.1843934867574
3522,648.7805712407799
3523,496.5054196274561
3524,342.83605368259856
3525,217.4767543409272
3526,103.261747701739
3527,45.21988590701098
3528,10.451667701672992
3529,0.0
3530,0.0
3531,0.0
3532,0.0
3533,0.0
3534,10.558885244258795
3535,46.1681699423707
3536,114.2627703375778
3537,244.03293520454693
3538,423.3701087331365
3539,592.025334906105
3540,710.8539099470968
3541,796.4957306666139
3542,852.9173260700537
3543,864.2135145254282
3544,833.335841014588
3545,750.6088747340744
3546,606.7623760915279
3547,495.60099435361536
3548,357.89174244482643
3549,228.84510299663927
3550,126.29489634379037
3551,52.01833313715995
3552,11.268214669543413
3553,0.0
3554,0.0
3555,0.0
3556,0.0
3557,0.0
3558,15.52233058420037
3559,50.41754646480867
3560,113.32996601550786
3561,231.67238885907452
3562,384.78639902290234
3563,528.5261347774481
3564,661.7382177867465
3565,760.8178755023249
3566,833.0520236266362
3567,841.3770733744656
3568,780.9540417192579
3569,656.3270724470395
3570,518.6296266629586
3571,401.63077135175644
3572,281.9063951848043
3573,197.07964366404042
3574,106.15747284073105
3575,41.63051325759725
3576,8.016576711324289
3577,0.0
3578,0.0
3579,0.0
3580,0.0
3581,0.0
3582,12.330131914718336
3583,49.52310453058123
3584,118.72786362544674
3585,242.76316568807408
3586,423.14104284440106
3587,576.8378384252777
3588,705.7017182606455
3589,790.3603308765969
3590,835.9929569567151
3591,840.1634240079685
3592,806.3965478063066
3593,725.69620543541
3594,598.4588495124862
3595,484.9651398170318
3596,347.48679386574184
3597,222.2669821012158
3598,110.98820404449917
3599,44.95903413722436
3600,11.407976974348719
3601,0.0
3602,0.0
3603,0.0
3604,0.0
3605,0.041123190588168344
3606,15.45464051542261
3607,46.631175368634956
3608,114.51766053668877
3609,227.58821719413743
3610,381.0872427904994
3611,506.76519388369667
3612,582.8445153725892
3613,646.9450054826644
3614,745.6748574451053
3615,788.4017538539515
3616,782.9959354003553
3617,774.8432537958188
3618,633.5439864025162
3619,479.55529780373746
3620,300.2809771210948
3621,186.10821681192826
3622,106.0409526289157
3623,48.15252533658592
3624,14.105022193255946
3625,0.0
3626,0.0
3627,0.0
3628,0.0
3629,0.0
3630,11.406940261034483
3631,44.187818016364936
3632,84.6514074162978
3633,139.25534054863783
3634,212.06291470255937
3635,303.97304358373157
3636,357.66237656182625
3637,346.4509632315459
3638,426.86259397226394
3639,406.70836881888164
3640,318.74757896567604
3641,281.8014185343022
3642,225.20908287713326
3643,196.41673156006036
3644,148.02827233810675
3645,96.04763707423449
3646,53.012263912573616
3647,25.62129754263512
3648,7.003800334405843
3649,0.5474822099404407
3650,0.0
3651,0.0
3652,0.0
3653,0.0
3654,14.500846464344997
3655,45.678238867359745
3656,104.05081792341481
3657,160.25100780744023
3658,230.62034350931694
3659,334.4838392123757
3660,434.6296372135054
3661,493.7851889984206
3662,581.315320283633
3663,626.6144243514931
3664,686.8575681245502
3665,706.5813162743217
3666,642.4873482076672
3667,507.4385878586424
3668,364.2352134586622
3669,246.5364490890266
3670,127.53573335759984
3671,53.940762789370034
3672,14.673054181388304
3673,0.6832483057788324
3674,0.0
3675,0.0
3676,0.0
3677,0.0
3678,21.797000685864916
3679,63.74559455294755
3680,123.62216645666804
3681,201.9203335858889
3682,310.5663431948912
3683,381.4669286549476
3684,458.86692749925436
3685,530.2724108575262
3686,595.0685595789311
3687,612.7389302951143
3688,638.6323736086932
3689,580.1566482327697
3690,470.31501369093866
3691,359.163717654156
3692,254.89593751626114
3693,162.7194247549747
3694,89.2262402053119
3695,44.98770250822101
3696,13.110747901637907
3697,0.2841985279878216
3698,0.0
3699,0.0
3700,0.0
3701,0.021397762528720183
3702,18.005575108379585
3703,54.31955818129197
3704,118.83498729173864
3705,236.32390146240527
3706,412.98404519865454
3707,572.928922420594
3708,686.9393298474771
3709,748.0697984535408
3710,770.103059083067
3711,775.2107310067967
3712,762.0663018039996
3713,706.9436584762816
3714,620.593224344714
3715,507.4004975575596
3716,359.0185091023887
3717,240.029472034269
3718,121.38349429320716
3719,55.66744261656596
3720,15.20120157243729
3721,0.3511991272429637
3722,0.0
3723,0.0
3724,0.0
3725,1.9886498674417956
3726,19.986666338372476
3727,52.82102556131007
3728,115.72457383172936
3729,226.95332088276623
3730,393.7298099675267
3731,550.8376199493324
3732,670.5036699337758
3733,740.7359127335208
3734,766.9925562085929
3735,726.8227198551308
3736,697.2880596610031
3737,671.2122465291671
3738,603.4701002220479
3739,470.4834889881886
3740,300.6259707280206
3741,170.85856897169808
3742,89.7628090867344
3743,51.46925844125792
3744,14.51299812852879
3745,0.0
3746,0.0
3747,0.0
3748,0.0
3749,0.6951352162540737
3750,19.166079907975504
3751,31.331608018126726
3752,111.9681022513452
3753,199.17214132190892
3754,320.72409079362586
3755,294.5784594825962
3756,414.06218998755566
3757,407.94480543558797
3758,416.7425677278373
3759,307.7337952088969
3760,201.33987395593866
3761,175.95826462587885
3762,150.72678384360907
3763,116.99662647436281
3764,92.70701942150045
3765,71.3264736051242
3766,21.33909377005098
3767,9.76604771075486
3768,3.71024778387622
3769,0.38381206142992114
3770,0.0
3771,0.0
3772,0.0
3773,0.2842349406717671
3774,15.135823967647282
3775,46.91500744967297
3776,111.2174103153748
3777,180.07410244063422
3778,222.74313215701093
3779,279.4482556071485
3780,326.8260249634134
3781,412.8218661660435
3782,488.77141505162854
3783,492.1062681502937
3784,412.58827978357857
3785,360.5163959967688
3786,264.2772484857037
3787,223.16647776604495
3788,195.6554269257074
3789,145.08803406068242
3790,94.29556796782968
3791,47.989942188554714
3792,16.55005299834618
3793,0.6343283637695446
3794,0.0
3795,0.0
3796,0.0
3797,0.0
3798,13.269204741828888
3799,45.22478671846692
3800,77.81269214380448
3801,121.6227236482206
3802,188.91121963753884
3803,249.98755838812633
3804,295.49817882391363
3805,332.9302750085311
3806,370.5250835644086
3807,371.5794539684949
3808,354.68436242656117
3809,344.2661440244389
3810,281.5285165134025
3811,173.37533105619104
3812,130.23389539059073
3813,83.65380464319418
3814,44.11026487278841
3815,23.22069140168919
3816,6.405197111136559
3817,0.0
3818,0.0
3819,0.0
3820,0.0
3821,0.11796470829435786
3822,4.235908936298867
3823,14.080617001491854
3824,35.445314070119856
3825,85.6553731874702
3826,169.92428641428305
3827,255.06693528820327
3828,304.7208984642219
3829,311.40905132761276
3830,376.372788257233
3831,361.6173847127404
3832,290.5950630099134
3833,221.96424381003075
3834,159.52051481298338
3835,134.02066930958173
3836,95.84875467204284
3837,72.22747382041844
3838,69.3061920929956
3839,36.27735309560668
3840,15.199027260205236
3841,1.4881243937267572
3842,0.0
3843,0.0
3844,0.0
3845,1.4553499342025977
3846,13.585661332370508
3847,43.35983942774601
3848,74.55619728339407
3849,111.79777206278
3850,178.79544676570697
3851,279.43139340403815
3852,334.9442348624425
3853,371.98337638568313
3854,364.2547079965493
3855,347.9962553039768
3856,330.8014214298825
3857,326.45958260045273
3858,332.6928221345739
3859,310.82669396412535
3860,262.55917437422687
3861,170.49700032295874
3862,101.9773878163118
3863,48.588623461446666
3864,15.224139792723271
3865,0.390311409173068
3866,0.0
3867,0.0
3868,0.0
3869,0.016499442745743553
3870,13.61571449213355
3871,42.2558788443718
3872,75.39917029555657
3873,146.2037510631856
3874,301.80206170085654
3875,486.2208290010788
3876,578.7212229991632
3877,632.8876580830084
3878,673.5283499990875
3879,632.4718906840558
3880,556.1974841973829
3881,528.8189391183695
3882,469.6615391198064
3883,374.33397201017004
3884,245.26427300869685
3885,164.62768669036817
3886,86.36621816158294
3887,36.58897964806615
3888,8.716027112400143
3889,0.0
3890,0.0
3891,0.0
3892,0.0
3893,0.9530744174812251
3894,17.809389579086606
3895,43.87649518935182
3896,92.37334001929263
3897,163.05290003221756
3898,259.4811773905181
3899,440.69780163159527
3900,438.8009206673349
3901,635.7935948199377
3902,489.1933704297257
3903,442.1071278845615
3904,445.65358904157375
3905,437.03959593565384
3906,281.14436289176894
3907,204.25878883853525
3908,95.81233432677085
3909,55.1184876284891
3910,32.45415112941173
3911,13.825768957901944
3912,2.8368193013696565
3913,0.0
3914,0.0
3915,0.0
3916,0.0
3917,0.7905100091936598
3918,6.707337703663128
3919,13.884763924253233
3920,32.19600929230163
3921,48.96609563267021
3922,70.72491642494616
3923,99.2754033615953
3924,129.32413645279607
3925,162.63264061927316
3926,242.99116451109253
3927,347.53666871079923
3928,407.59385458925954
3929,435.5840419509186
3930,400.0586072685408
3931,376.1802266015258
3932,280.798361398487
3933,194.76261861908878
3934,121.82544607540596
3935,57.85782855812659
3936,19.82588960982659
3937,0.0
3938,0.0
3939,0.0
3940,0.0
3941,0.8311881261979566
3942,20.5565119118658
3943,48.934005207627074
3944,114.73597529970276
3945,218.61839110196527
3946,342.42179631169876
3947,394.3401040125936
3948,332.55822474909036
3949,291.50347521636115
3950,267.66617607162004
3951,279.88908401711603
3952,201.9412894557929
3953,189.56988411222935
3954,203.30499814905735
3955,194.0553260366191
3956,145.08870377890446
3957,89.91610027152869
3958,68.30416503742637
3959,42.84667207915762
3960,11.225266837669153
3961,1.406230079974315
3962,0.0
3963,0.0
3964,0.0
3965,0.0
3966,15.48874530434233
3967,44.936458475928
3968,82.7093492227006
3969,144.34107555312593
3970,233.48839307320296
3971,349.12575163764404
3972,467.2979572449762
3973,568.3085680135847
3974,671.1265745840775
3975,681.5459721338849
3976,589.8555151366733
3977,435.5470536015908
3978,351.517398798512
3979,260.07445335591837
3980,142.6221478683323
3981,82.49852500395761
3982,44.207649542602326
3983,22.363712640354183
3984,5.333093047757195
3985,0.0
3986,0.0
3987,0.0
3988,0.0
3989,0.0
3990,6.530253474783109
3991,24.262023539359962
3992,37.33001023280767
3993,68.28201824140396
3994,104.4985803180438
3995,155.22690730431057
3996,197.82272678428885
3997,229.34913558334256
3998,262.98068529560237
3999,277.0498398952334
4000,289.03827316876243
4001,276.4352094004476
4002,227.75199919105387
4003,163.6216830604962
4004,126.05145307912596
4005,95.05138803271787
4006,61.214725681953986
4007,30.711240307141082
4008,10.202943092840117
4009,0.4713465507735914
4010,0.0
4011,0.0
4012,0.0
4013,0.0
4014,13.384359482066769
4015,36.05448208727882
4016,59.58586266097339
4017,134.10888732588407
4018,252.00747479676258
4019,380.3570499822227
4020,450.06157550665563
4021,488.0399985664489
4022,552.4961734522496
4023,598.5839151741957
4024,653.7708683220443
4025,675.2795706089873
4026,646.157887253575
4027,529.1944836219988
4028,391.574349246056
4029,258.8574633637193
4030,142.7194762380427
4031,66.86314664809872
4032,20.291530375563568
4033,0.6142002287804749
4034,0.0
4035,0.0
4036,0.0
4037,0.0
4038,17.884830009477707
4039,55.809594316556
4040,123.27855845040989
4041,245.74128327681396
4042,413.64750372480427
4043,593.312201078374
4044,707.7558556749767
4045,769.9100300479209
4046,818.6591299755399
4047,862.7193150053239
4048,843.3098193075648
4049,720.1659169988134
4050,526.6495754028206
4051,350.8907773396451
4052,209.42559258044705
4053,111.32724233328825
4054,59.02091957123006
4055,28.803798890114418
4056,8.49926832843063
4057,0.1124532122367506
4058,0.0
4059,0.0
4060,0.0
4061,0.0
4062,9.742368387794727
4063,27.67666507480122
4064,55.369594897662495
4065,93.54254022125947
4066,161.1764348270689
4067,236.23539164003049
4068,333.03347454070064
4069,450.9214453301319
4070,524.4303612500177
4071,496.7942738979128
4072,439.84870249953093
4073,390.0319606901234
4074,346.1031541565262
4075,281.0702003836279
4076,196.1056519703377
4077,103.02462005860157
4078,49.840340462949165
4079,18.38677553550092
4080,4.884390987819883
4081,0.0
4082,0.0
4083,0.0
4084,0.0
4085,1.013126692248188
4086,4.204806459495702
4087,19.81585752881368
4088,46.767490356166974
4089,75.03914130466988
4090,111.04723744148966
4091,170.90920681572342
4092,228.94690526049604
4093,291.5648636297893
4094,344.0917570184926
4095,417.1340957471095
4096,422.1610587994921
4097,368.96289722680467
4098,338.8699244692333
4099,303.8047103951262
4100,210.32387046293698
4101,137.2165444141584
4102,71.71840577209447
4103,43.6677571634984
4104,13.057746700774326
4105,0.7170628912067373
4106,0.0
4107,0.0
4108,0.0
4109,0.0
4110,19.003188401197814
4111,59.92474221821198
4112,129.2427641260921
4113,199.750200664377
4114,299.7956203557746
4115,389.47986734002365
4116,451.0316022083986
4117,499.04945675207773
4118,574.6361508117216
4119,560.6285768532808
4120,579.8118390722396
4121,575.4747025340217
4122,432.00502529112714
4123,297.48038547343947
4124,180.70699065317447
4125,101.52643328225834
4126,77.14017248177818
4127,43.87602737729065
4128,10.077473489218649
4129,0.9718471947109384
4130,0.0
4131,0.0
4132,0.0
4133,2.829698523438149
4134,20.071878032300862
4135,53.55283217202709
4136,113.70432781590274
4137,229.65279898994325
4138,387.6405927863812
4139,547.7734057721972
4140,634.6192765565894
4141,670.275127505615
4142,641.9147488609455
4143,636.4929283615757
4144,620.4600247126757
4145,567.9871312927854
4146,504.2191218545876
4147,415.06884094419297
4148,315.42674724783734
4149,213.24037900862643
4150,118.86231778312113
4151,49.75786999504181
4152,12.065966361255432
4153,0.2936377141849456
4154,0.0
4155,0.0
4156,0.0
4157,0.0
4158,8.17294620769283
4159,36.73639105097427
4160,85.39998701610143
4161,155.62572814336673
4162,186.59465577616893
4163,242.14230550238176
4164,296.9686540384622
4165,381.8636237711349
4166,452.5760362565623
4167,466.74380655428894
4168,437.6110686476921
4169,477.12710219644526
4170,520.0793115683615
4171,472.6429169383127
4172,353.3300422937641
4173,229.97919172244613
4174,126.26196982454617
4175,59.79206523695982
4176,18.396057515077818
4177,0.2563467810288857
4178,0.0
4179,0.0
4180,0.0
4181,0.0
4182,5.856704586677233
4183,18.72078295283857
4184,38.61548332751566
4185,57.42972470566314
4186,96.95064730016018
4187,154.64170401318407
4188,181.6244010731959
4189,202.27552902106234
4190,226.9818444720604
4191,230.33991527324312
4192,204.1670540367322
4193,177.18451508727057
4194,174.19604090055202
4195,191.1134762160432
4196,194.42348223422584
4197,140.6279526357811
4198,84.26659160843401
4199,44.66934178307673
4200,9.190882862588643
4201,0.8796977304239121
4202,0.0
4203,0.0
4204,0.0
4205,2.536443809857174
4206,18.510904031207133
4207,56.75628241242833
4208,135.09271568861612
4209,214.12448008391675
4210,342.8714849758069
4211,480.31976846614765
4212,645.6710432539523
4213,753.1838120402493
4214,832.6602466877688
4215,860.0059265995
4216,850.1190281062696
4217,792.3259571696212
4218,680.3657029326773
4219,558.2066130888874
4220,394.9831398445153
4221,257.51632338667633
4222,135.97863309503734
4223,59.881531502306416
4224,19.12155662096645
4225,0.0
4226,0.0
4227,0.0
4228,0.0
