,prediction
0,0.0
1,0.0
2,0.0
3,55.45574782501906
4,288.4125034763664
5,810.8387489891053
6,2001.8777700287103
7,2861.8617564332485
8,3084.956484704018
9,3023.926096172333
10,2643.5409436136483
11,2746.672827242017
12,2413.808287448287
13,2367.25052280128
14,2258.083025318384
15,1596.2735150259734
16,1231.90393550992
17,605.4049790230393
18,290.49945754922925
19,0.0
20,0.0
21,0.0
22,0.0
23,0.0
24,0.0
25,0.0
26,0.0
27,106.33723021622747
28,554.1843212078512
29,1031.6740734153987
30,1833.955862174034
31,2880.596884160042
32,3511.5175091779233
33,4022.808826292753
34,3986.769771519899
35,3895.722785139084
36,3611.604503105879
37,3899.734794688225
38,3527.4623423588278
39,2330.1165379947424
40,1673.331437446475
41,869.4587707105279
42,438.46770511329174
43,104.5989134510234
44,0.0
45,0.0
46,0.0
47,0.0
48,0.0
49,0.0
50,0.0
51,199.59728284187617
52,663.392998175472
53,1589.750582123995
54,2579.793734305501
55,3394.466617974043
56,4253.956621431113
57,4731.90314981103
58,4754.426448394061
59,4035.9845527124407
60,4065.182686944008
61,3478.9467580604555
62,2830.3708988571166
63,1832.230766415596
64,1286.5377489361167
65,724.1083465620875
66,421.53939135476946
67,176.31216379143297
68,0.0
69,0.0
70,0.0
71,0.0
72,0.0
73,0.0
74,0.0
75,119.9255310740322
76,534.3839946936071
77,1651.3161330878734
78,2540.3584826928377
79,3622.3463681960106
80,3849.6161152625086
81,3596.6083358967303
82,3980.0764819943906
83,3272.587304034233
84,3619.2157021415233
85,3913.264220416546
86,3521.449454112053
87,2776.7526467067005
88,1733.1850495827198
89,699.1493925225735
90,358.6689547893405
91,176.52812114104628
92,0.0
93,0.0
94,0.0
95,0.0
96,0.0
97,0.0
98,0.0
99,260.05882634416224
100,699.4953599984945
101,1526.7316174793243
102,2240.186865516901
103,3278.0629794180395
104,4073.5375088739397
105,4403.191415812969
106,4582.301328320504
107,4458.4071244061
108,3527.6667019593715
109,3408.8268099045754
110,3258.0726463186743
111,2620.984154661298
112,1771.2422408455611
113,1105.9746790516376
114,573.7676865157486
115,213.1053712749481
116,0.0
117,0.0
118,0.0
119,0.0
120,0.0
121,0.0
122,44.72741344213486
123,302.20252614095807
124,684.2152081270516
125,1757.1779944235086
126,2454.889009757638
127,3293.595334274769
128,3787.1360721731185
129,3952.6297573828697
130,3682.739072756767
131,3620.9941091001033
132,3611.9817823684216
133,3598.0853295314314
134,2999.6756514000895
135,2261.1897696805
136,1472.606225450635
137,1019.7892640376091
138,540.0470709067583
139,247.1873753079772
140,0.0
141,0.0
142,0.0
143,0.0
144,0.0
145,0.0
146,57.23717169346288
147,264.6634744631499
148,680.9763818491996
149,1792.9554484033586
150,2345.046578811407
151,3455.7379321217536
152,3830.1513759183886
153,4078.889816672802
154,4252.09277985692
155,4166.144873074293
156,3989.3792864191532
157,3522.8379374849796
158,3046.6124040019513
159,2148.6067671346664
160,1457.7908378881216
161,890.9041407483817
162,517.6432526336611
163,227.71458375133574
164,0.0
165,0.0
166,0.0
167,0.0
168,0.0
169,0.0
170,3.257485064410139
171,42.28620206580497
172,107.2918979697302
173,278.28568218402563
174,565.2158950795233
175,622.1343155618013
176,652.906411716789
177,862.6123823538422
178,1063.8964221704007
179,2067.605011988282
180,2082.013730780482
181,1807.0296052408219
182,1986.031357524991
183,1902.7652433264257
184,1169.552813255489
185,591.0716562791168
186,393.24643687561155
187,208.71945713058113
188,0.0
189,0.0
190,0.0
191,0.0
192,0.0
193,0.0
194,65.6442742684856
195,159.8674740332365
196,347.09700697392225
197,578.8069618830085
198,1302.6749808713794
199,1969.9481202667953
200,2359.834114689231
201,3036.03115598917
202,3330.7289773428442
203,2995.3646206963062
204,3053.004280203581
205,2976.4193238151074
206,2498.2571584653856
207,1258.1318498951198
208,820.9652285429836
209,449.052669531852
210,280.6248178835213
211,91.72178101290018
212,0.0
213,0.0
214,0.0
215,0.0
216,0.0
217,0.0
218,21.02897640543524
219,92.59681302532553
220,215.8009401907772
221,331.02848582826556
222,848.2191272270679
223,1248.1593235185742
224,1941.1771591132879
225,1590.8926720654965
226,1730.9345309382677
227,1375.0618511179089
228,1294.899234766066
229,1056.0660833457111
230,763.2668754547834
231,781.1809765255451
232,640.3637130814791
233,323.5706632862985
234,235.14250417783856
235,93.64176380887628
236,33.64671733631752
237,0.0
238,0.0
239,0.0
240,0.0
241,0.0
242,28.460061917463317
243,102.82442580543459
244,284.098909734115
245,770.7651299285889
246,1283.927294256091
247,1878.8828508782387
248,1813.0303617721797
249,1213.2313459217548
250,1625.4545623344184
251,2089.2039080303907
252,2399.4052073407174
253,2335.115146484971
254,2239.276132514477
255,2135.91835976243
256,1460.0444321787359
257,1017.5767637971044
258,611.173438834548
259,298.8821738811582
260,106.23188933517784
261,0.0
262,0.0
263,0.0
264,0.0
265,0.0
266,56.44625006010756
267,171.31509312428534
268,391.0531594236195
269,723.783438718915
270,1128.3398381611705
271,1310.8148493084311
272,1555.9509394955635
273,1615.8047225010396
274,1617.8245676833392
275,1663.9032150059938
276,1161.8538728696108
277,966.5032671073079
278,1336.0016574677825
279,1029.9047225260736
280,645.0269479881227
281,429.54162462607025
282,235.44865912288427
283,94.49075962219388
284,40.452097077509386
285,0.0
286,0.0
287,0.0
288,0.0
289,0.0
290,86.99863508205861
291,210.66112963959574
292,410.7163633798063
293,794.8885334274173
294,1147.5142706814408
295,1264.6166789585352
296,1600.7914683687686
297,2383.7300058066844
298,2243.9926359039546
299,1964.2737239670753
300,1374.8703921443225
301,1558.8815176802873
302,1537.9100534552335
303,1239.3080410373211
304,1033.7908868864179
305,624.9953926867247
306,484.7524634461105
307,323.69657255105676
308,95.135502628237
309,0.0
310,0.0
311,0.0
312,0.0
313,0.0
314,66.35633441196755
315,245.49555633231998
316,534.7305174945295
317,976.6668252843618
318,1297.9549746626615
319,1900.7944376134872
320,2436.5373125857113
321,2362.010476087332
322,2429.7676445138454
323,2079.033258780241
324,1553.2107096344232
325,1658.2115609139205
326,1187.6138618651032
327,938.4441471710801
328,651.2866141220927
329,389.1134946280718
330,213.33083322554828
331,122.67126078855246
332,50.409445460624994
333,0.0
334,0.0
335,0.0
336,0.0
337,0.0
338,9.188749212920666
339,54.04813243785873
340,274.763127547726
341,464.74342016592624
342,758.0878290563821
343,860.8687472838163
344,1205.8260443097354
345,1534.375623407364
346,1448.079314262271
347,1477.6109852331876
348,1317.3739210528136
349,1204.280873851776
350,1061.6996418991685
351,1122.5267814803124
352,830.2111335137487
353,617.5215725129843
354,289.00994774334134
355,191.72384225361048
356,74.25207343490794
357,0.0
358,0.0
359,0.0
360,0.0
361,0.0
362,43.96606820477173
363,176.7374679872766
364,353.8838260448724
365,524.7395372410118
366,820.5107163879276
367,1202.4777762892843
368,1330.8179121655226
369,1587.4530744409562
370,1602.770646674037
371,1755.8218053352832
372,1615.5128778541089
373,1395.9983725851775
374,1192.663560255468
375,905.8180344226956
376,890.0662834730745
377,600.9104774822295
378,386.812484125793
379,166.72899499621244
380,46.832474313843996
381,0.0
382,0.0
383,0.0
384,0.0
385,0.0
386,26.94572801607661
387,91.31030654545873
388,268.5178571464866
389,460.86045960366727
390,743.1883738321065
391,840.6365487876535
392,899.1486665895582
393,1242.6734814155102
394,1353.180081063509
395,1355.4318812271954
396,1434.5235746723413
397,1084.6935143449903
398,1061.3730253636836
399,1073.7412237966062
400,948.4902327516675
401,832.1119682765008
402,568.5352861998975
403,313.30334476858377
404,104.22885341349989
405,0.0
406,0.0
407,0.0
408,0.0
409,0.0
410,127.34322070531547
411,368.67351914674043
412,1006.8110624492168
413,1941.601256545186
414,2709.8019810515643
415,3917.200364027023
416,4594.934715800286
417,4887.947424795628
418,5041.994921944141
419,5028.051309199333
420,4852.279839731455
421,4114.96714615345
422,3429.883708745241
423,2935.7415111529826
424,2047.6022054350376
425,1454.4060892868042
426,730.2654484400153
427,385.6533926957846
428,223.97346600964667
429,0.0
430,0.0
431,0.0
432,0.0
433,0.0
434,122.54663304302842
435,367.4346317857504
436,691.57010331586
437,1686.269655634761
438,2450.456661899686
439,3134.157938096523
440,3670.1419095540045
441,4039.7272723531723
442,3680.794239166975
443,2644.71652392447
444,1594.1885686665773
445,755.4266262146831
446,1130.3753178781271
447,1614.9688302218915
448,1143.6047826710344
449,817.70735034585
450,442.9561407963932
451,263.9646620247513
452,100.79510806012898
453,0.0
454,0.0
455,0.0
456,0.0
457,0.0
458,61.80497613446787
459,224.1179359446466
460,474.0963747100532
461,1028.1186264520884
462,2089.2461127305032
463,3270.1281540584564
464,3719.4964617776873
465,4276.632335368395
466,4468.896444772482
467,4823.729983363151
468,4283.023528093099
469,3344.592965025902
470,3535.345906949043
471,2970.142613475323
472,2013.046637327671
473,1363.0215507397056
474,750.2415139585734
475,398.3438932161033
476,187.35465193524956
477,0.0
478,0.0
479,0.0
480,0.0
481,0.0
482,152.27572205197066
483,353.76718643590806
484,807.7190185654164
485,1673.5017940700054
486,2686.6398024129867
487,3828.6087684988975
488,3906.9441092920306
489,4720.181862287522
490,4897.287136974335
491,4931.430910234451
492,4687.956950494051
493,3734.5155254638194
494,3365.9434172058104
495,2802.004556043148
496,2177.133043549061
497,1344.4663483133913
498,802.0250577387213
499,395.3062227407098
500,182.51446058101953
501,0.0
502,0.0
503,0.0
504,0.0
505,0.0
506,119.12695236325264
507,308.89515354819594
508,760.690765490234
509,1755.503646826744
510,2318.1283527320625
511,3571.9030372309685
512,4222.642442640066
513,4537.3664796316625
514,4587.469780826568
515,3619.4101513266564
516,3491.955716110468
517,3169.544955883026
518,2619.7106662809847
519,1862.9028186357023
520,1402.6316870105268
521,939.6882460436225
522,570.1434219695627
523,317.55570325009523
524,125.69639373410493
525,0.0
526,0.0
527,0.0
528,0.0
529,0.0
530,42.72457241817378
531,155.89939923517406
532,259.131134570539
533,498.17723177030683
534,918.3996485254169
535,1275.8841378039122
536,1081.9373936453462
537,964.8948750337959
538,2134.3740436506273
539,2809.731775286794
540,3287.9545992136
541,3610.3807376718523
542,3517.656498917341
543,2779.10329472065
544,1943.0386085182429
545,1341.2343568047881
546,796.0338698843121
547,373.0933508335054
548,181.4348233435303
549,0.0
550,0.0
551,0.0
552,0.0
553,0.0
554,32.33049295937642
555,111.19062121856958
556,162.22641988422723
557,278.29495183981953
558,440.69917183846235
559,681.7226104992628
560,930.1101712873578
561,1138.3891702571511
562,1110.040085235536
563,1119.6710440188647
564,1734.2059932392835
565,2136.9668133652212
566,2150.369795862436
567,2066.211231669188
568,1576.119147464633
569,999.5990139377117
570,585.9343446904421
571,330.7347402611375
572,115.31993249494583
573,0.0
574,0.0
575,0.0
576,0.0
577,0.0
578,119.25650327850133
579,329.9246065185964
580,786.9190216138959
581,1801.8314214885236
582,2873.7440027725697
583,3785.030621505976
584,4231.860495926142
585,4495.727356674672
586,4490.29849946022
587,4123.728636853695
588,4137.0591707968715
589,3678.3395317912104
590,2529.2126827400925
591,2143.899661552906
592,1731.4064717549086
593,1209.8759013935924
594,730.5608813408018
595,375.2252435141802
596,222.34627832069992
597,0.0
598,0.0
599,0.0
600,0.0
601,0.0
602,116.52440038517118
603,326.482168193087
604,747.8947959369422
605,1705.954987156391
606,2672.867400637865
607,3724.029280743599
608,4222.314373716116
609,4369.496345154047
610,4826.067474446297
611,4863.9030483162405
612,4524.463460505009
613,3889.2564099526408
614,2811.4421762913466
615,2032.8194538956882
616,1448.8483966720105
617,1011.4963822039962
618,559.8862701711058
619,332.3036401835829
620,125.82666016425938
621,0.0
622,0.0
623,0.0
624,0.0
625,0.0
626,110.25998195070774
627,303.87038070693615
628,489.8303125423193
629,603.2623642981052
630,813.3231021764875
631,726.1633908060193
632,1242.545158622861
633,1741.5711405819654
634,1705.6809129095077
635,851.184904473424
636,1378.2518942302465
637,1098.8469545057417
638,975.6369964277744
639,738.0551203876734
640,697.3703875216842
641,373.77763938724996
642,261.9093828356266
643,176.62823983121663
644,69.62974569015205
645,0.0
646,0.0
647,0.0
648,0.0
649,0.0
650,29.696412938302384
651,74.93698672927916
652,182.71418535366655
653,274.1353539922088
654,408.48173557385803
655,570.2514113236964
656,443.29762295499444
657,488.6145779621601
658,740.9191450068355
659,879.1091231516003
660,859.7469907808304
661,897.1128451341391
662,885.0144492173195
663,851.7906358981132
664,781.2040438717604
665,499.2508885847032
666,322.2211594567448
667,139.38970441382378
668,64.70185036333278
669,0.0
670,0.0
671,0.0
672,0.0
673,0.0
674,91.97768972463906
675,288.73721909165386
676,624.8888557210564
677,1616.2934085023403
678,2361.3659573471546
679,3375.7414006626605
680,4105.423757851124
681,4146.734811884165
682,3649.880236115456
683,3775.8621202969553
684,3646.7249648916722
685,3328.552445075512
686,2705.3151259088518
687,2153.9783831566574
688,1653.012693684697
689,948.2227369701862
690,550.4509566575289
691,365.7264520812035
692,165.332523486726
693,0.0
694,0.0
695,0.0
696,0.0
697,0.0
698,68.20401282481849
699,201.28598345406354
700,485.20244756653904
701,241.31323287695648
702,398.44897779330614
703,893.7627829867602
704,2380.196430104971
705,3045.655194568634
706,3487.0709065282344
707,3727.2997178292276
708,3233.198528852463
709,2561.5864216339587
710,1605.87141061306
711,1323.6476411810518
712,787.9567104551196
713,453.35656644523146
714,311.9975621035695
715,288.7088761579245
716,117.04953492935748
717,0.0
718,0.0
719,0.0
720,0.0
721,0.0
722,0.0
723,10.326881234999746
724,49.85911018028855
725,152.37503214776515
726,364.35302234888076
727,520.3407160878181
728,580.6743178546428
729,555.3668333888054
730,517.4620293080807
731,579.1566421508788
732,505.40822812020775
733,475.17975041270256
734,445.40983096361157
735,296.3698460161686
736,231.60753234028815
737,103.52338163852691
738,47.303127808123826
739,0.0
740,0.0
741,0.0
742,0.0
743,0.0
744,0.0
745,0.0
746,0.0
747,19.810561128146947
748,98.99038404151797
749,187.34184216856957
750,338.75937252938746
751,560.7320989429951
752,668.6534227609634
753,784.6752899944782
754,771.444168895483
755,759.189437252283
756,699.6296804487705
757,732.0776652932167
758,650.8966101586818
759,414.79178650081155
760,281.2152390629053
761,124.0560033224523
762,63.444817213341594
763,12.898909540381283
764,0.0
765,0.0
766,0.0
767,0.0
768,0.0
769,0.0
770,0.0
771,40.61868307180703
772,139.68694869875907
773,321.8797032684088
774,499.4793201863765
775,639.1949094593525
776,814.5118314027786
777,928.6280358731747
778,955.2675474286079
779,836.3417182803154
780,846.9388681054115
781,728.0527374029159
782,577.9088884055615
783,356.5230533748865
784,265.7377044841647
785,143.21833321675658
786,65.24749496206641
787,28.259682911261915
788,0.0
789,0.0
790,0.0
791,0.0
792,0.0
793,0.0
794,0.0
795,22.843873525969684
796,97.59220718443393
797,305.92024123370646
798,472.58781278729435
799,663.2963304162025
800,712.5090788125991
801,694.4336484074593
802,761.4753946423531
803,658.1010538816452
804,725.81870393157
805,788.8439015328884
806,683.9424755752086
807,508.30851552486416
808,317.31599603891374
809,135.01127193421124
810,58.248506149649614
811,29.065372913517056
812,0.0
813,0.0
814,0.0
815,0.0
816,0.0
817,0.0
818,0.0
819,53.50972310788929
820,146.2641501098871
821,304.2364914089441
822,432.2387726515531
823,636.2144353151322
824,782.5841159820557
825,865.9311402976513
826,925.9106154441833
827,950.5630068719387
828,795.521963095665
829,725.9621815323829
830,661.9998808264733
831,493.8711935520172
832,339.23297224044796
833,199.01548609435557
834,96.01836642175913
835,32.12387244701385
836,0.0
837,0.0
838,0.0
839,0.0
840,0.0
841,0.0
842,8.756152645032852
843,62.447239227220415
844,144.3126074820757
845,340.10338470339775
846,476.9201289027929
847,639.001293683052
848,731.0235273241997
849,795.9736187696457
850,745.3129760205745
851,750.7373771488666
852,739.4814941167831
853,744.102928930521
854,606.4226061701775
855,444.1424340426922
856,305.56680143773553
857,199.57305007874965
858,88.37720545381308
859,38.35724531002342
860,0.0
861,0.0
862,0.0
863,0.0
864,0.0
865,0.0
866,11.270358927827328
867,54.88338462933898
868,155.16978899538518
869,372.5166505783796
870,457.80196181237693
871,670.3925306260586
872,751.6122539699078
873,840.0579873204231
874,876.5182624876498
875,865.9167169868946
876,824.7074637293815
877,719.6199770629406
878,622.4360525965691
879,430.3858923375606
880,302.86747882962226
881,181.85744693577288
882,88.28020868897438
883,35.060029251873495
884,0.0
885,0.0
886,0.0
887,0.0
888,0.0
889,0.0
890,0.7445760521572083
891,8.60781844505109
892,21.036946051754057
893,56.99862324893474
894,114.66571543961763
895,126.10515227168798
896,131.22081728205083
897,170.29805623590946
898,218.27240886837242
899,429.13803556859494
900,429.74134205281734
901,382.1916357278824
902,404.11881127059456
903,343.912272003293
904,227.3501487582922
905,131.6042713008821
906,71.84910868518054
907,36.017500990256664
908,0.0
909,0.0
910,0.0
911,0.0
912,0.0
913,0.0
914,8.136216963501647
915,31.928861558809874
916,69.09958780445159
917,118.1009187966585
918,246.2643977075815
919,387.34556543827057
920,465.778121343255
921,582.9703028798103
922,630.2335004389286
923,597.9736367762089
924,616.3007196128368
925,561.8494590908289
926,443.1392927795648
927,234.21368722915648
928,159.17557165771723
929,94.64331837370992
930,52.66885696873069
931,14.865188842546194
932,0.0
933,0.0
934,0.0
935,0.0
936,0.0
937,0.0
938,2.948417423875071
939,16.734940352104605
940,42.748246271163225
941,66.3918515983969
942,158.014014364779
943,233.75411590486763
944,392.93466703891755
945,328.6750057429075
946,366.0176097750664
947,290.22802254259585
948,272.5802604719996
949,210.84237769693135
950,162.9195025473833
951,162.47315259128808
952,127.03613405451178
953,63.96351981908083
954,45.46251160092652
955,16.202795306593178
956,4.279108425532468
957,0.0
958,0.0
959,0.0
960,0.0
961,0.0
962,5.3596502287779
963,19.68894385769963
964,57.37320435605943
965,154.11322997063397
966,250.24305080920456
967,376.74127264022826
968,375.6166664958
969,243.44426270127295
970,331.2967172026634
971,425.48746127486226
972,489.51696774065493
973,466.188189804554
974,442.213419252634
975,402.20847810208795
976,259.8781314656138
977,194.19451164454222
978,93.50326726734637
979,47.9615433588624
980,13.72746971938759
981,0.0
982,0.0
983,0.0
984,0.0
985,0.0
986,10.085832727141678
987,33.904294941388066
988,81.47853591889142
989,146.04670152962208
990,215.27881637960672
991,278.53818673342465
992,333.52923966050145
993,374.3885902673006
994,371.99923147559167
995,380.55939772725105
996,294.69615816771983
997,251.02536088228226
998,299.0368535399437
999,215.3381751716137
1000,138.73271791264415
1001,94.93178458884358
1002,41.06958323903382
1003,13.059878624975681
1004,2.796358811692335
1005,0.0
1006,0.0
1007,0.0
1008,0.0
1009,0.0
1010,15.883937115222215
1011,40.44417388960719
1012,80.89477817192673
1013,136.0929000467062
1014,197.14672296792267
1015,236.04436594694852
1016,307.4215361773968
1017,474.6869196206331
1018,436.19213344752785
1019,372.7576572328806
1020,288.59863486289976
1021,309.4338284164667
1022,304.33213169574736
1023,261.85247666090726
1024,196.6217144563794
1025,120.43596695512532
1026,86.30762348100542
1027,53.72557911425829
1028,11.339259212091564
1029,0.0
1030,0.0
1031,0.0
1032,0.0
1033,0.0
1034,12.077556724101305
1035,48.00732019990682
1036,101.0533982567489
1037,173.6559403449297
1038,227.38220628350973
1039,353.3239973902702
1040,466.04117505848404
1041,447.6392970532179
1042,482.37725721001624
1043,413.17249513864516
1044,321.1317515820265
1045,329.42227060496805
1046,234.86215241253376
1047,182.54346423894165
1048,124.83068106025456
1049,75.20873990356922
1050,39.15127432309091
1051,19.678753101825713
1052,2.350232878373936
1053,0.0
1054,0.0
1055,0.0
1056,0.0
1057,0.0
1058,1.9366380034480244
1059,10.355309322942048
1060,56.29066190868616
1061,98.20015831813215
1062,154.55355304330587
1063,175.9972729459405
1064,242.453449934721
1065,313.0987916797399
1066,305.70942050814625
1067,312.78604622483255
1068,296.53488990068433
1069,245.76282707601786
1070,213.4869947478175
1071,225.57786727845667
1072,164.08251934200524
1073,121.7839884661138
1074,50.14207750819623
1075,33.55690993107855
1076,7.142116562090814
1077,0.0
1078,0.0
1079,0.0
1080,0.0
1081,0.0
1082,7.577571230800822
1083,33.62621265146881
1084,67.84672580324113
1085,108.26620406582951
1086,158.46601345092057
1087,249.96387389302254
1088,265.1850341230631
1089,343.86848695278167
1090,346.9470052689314
1091,388.5788958728313
1092,351.3569325327873
1093,298.5658294200897
1094,246.33083079010248
1095,196.28917129039763
1096,183.41363631337882
1097,127.18447952270508
1098,78.9028932005167
1099,30.097772892750797
1100,2.9991989605827256
1101,0.0
1102,0.0
1103,0.0
1104,0.0
1105,0.0
1106,5.5246973327826705
1107,17.844238899461924
1108,55.035490460693836
1109,95.61397284641862
1110,149.04256053864955
1111,170.01963482648134
1112,181.3870066165924
1113,260.99540576040744
1114,297.4156047284603
1115,308.27457198500633
1116,350.68532136976717
1117,261.1726751178503
1118,230.85521931946278
1119,226.81820332109928
1120,198.18329540491104
1121,160.13008575886488
1122,102.31371230185032
1123,50.816453139111395
1124,14.192403639201075
1125,0.0
1126,0.0
1127,0.0
1128,0.0
1129,0.0
1130,23.992372571490705
1131,70.37417921014129
1132,184.7626451343298
1133,384.037476092577
1134,511.7865938901901
1135,732.4462839066982
1136,887.6342394053936
1137,999.9890142202377
1138,1024.7594707489013
1139,1014.3898658215999
1140,979.8726166605949
1141,823.5371150851249
1142,663.89221919775
1143,560.4562702953815
1144,394.108106392622
1145,267.89204916357994
1146,116.74772034734487
1147,57.8559044893831
1148,37.8386242646724
1149,0.0
1150,0.0
1151,0.0
1152,0.0
1153,0.0
1154,24.396220980025827
1155,76.73170415461063
1156,150.44060861617325
1157,318.9994024515152
1158,502.4290589421987
1159,606.2430016100407
1160,723.3692136704922
1161,797.2186252176762
1162,772.864727640152
1163,533.6721478790045
1164,349.25250281095504
1165,226.22580017298458
1166,232.7384744390845
1167,330.1318288117647
1168,240.04795077145099
1169,173.58135122358797
1170,85.70711580589413
1171,50.27617137171328
1172,13.84458721736446
1173,0.0
1174,0.0
1175,0.0
1176,0.0
1177,0.0
1178,12.530692289862781
1179,47.60007630363106
1180,99.16042457297443
1181,221.18694787770508
1182,413.43918902277943
1183,646.6017603099345
1184,728.3917538881302
1185,856.1164207398891
1186,887.0489277184009
1187,1019.2898078978061
1188,971.7610153734684
1189,775.3241768538952
1190,725.765612411499
1191,589.6720598816871
1192,416.8838877260685
1193,254.26413248330354
1194,119.73682272210716
1195,58.76480057761073
1196,30.47901619579643
1197,0.0
1198,0.0
1199,0.0
1200,0.0
1201,0.0
1202,30.271614567562935
1203,75.32844479754567
1204,175.9772176757455
1205,337.77319582700727
1206,518.635022225976
1207,719.537558144331
1208,761.2111046433448
1209,969.518533962965
1210,996.9180166304111
1211,1000.5678697586059
1212,949.1449893772601
1213,745.0105672717094
1214,646.0224239945411
1215,530.9294523149729
1216,425.02306500971315
1217,248.6354526311159
1218,130.14423732832074
1219,58.15429531596601
1220,29.506234714016315
1221,0.0
1222,0.0
1223,0.0
1224,0.0
1225,0.0
1226,23.708935198187827
1227,66.98330177776515
1228,161.00439594984053
1229,346.48913383483887
1230,424.9367311924696
1231,668.5486133694649
1232,809.7364792585373
1233,911.6449308693409
1234,899.1679428756237
1235,732.3168862044811
1236,705.2943327248096
1237,645.1723415315151
1238,539.0452775716782
1239,373.0215694785118
1240,288.25089570879936
1241,186.69706866592168
1242,105.07727015465498
1243,56.636804196238515
1244,18.50693422425538
1245,0.0
1246,0.0
1247,0.0
1248,0.0
1249,0.0
1250,8.695921908086165
1251,31.041381511464714
1252,56.077484517171975
1253,104.82012312859297
1254,184.5858737245202
1255,254.05540657192466
1256,230.68040535897015
1257,207.41072865575552
1258,434.6307757169008
1259,614.1967019855975
1260,688.3981109976768
1261,700.5807947695255
1262,689.2921502172946
1263,533.7751028448344
1264,349.84547258913517
1265,238.37264888584613
1266,127.94824533909559
1267,53.689971565827726
1268,29.28924544751644
1269,0.0
1270,0.0
1271,0.0
1272,0.0
1273,0.0
1274,6.606925343396142
1275,22.05583276245743
1276,34.81266303341835
1277,57.23580944314599
1278,94.13254429623484
1279,141.03912549689412
1280,191.69091679751872
1281,237.40802129656075
1282,231.71043579429386
1283,245.59498438239098
1284,380.808268520236
1285,435.60074336528777
1286,435.94693716466423
1287,435.01402368843554
1288,312.7321305155754
1289,198.95078724324702
1290,100.9067355081439
1291,53.87430233582854
1292,16.763780534639952
1293,0.0
1294,0.0
1295,0.0
1296,0.0
1297,0.0
1298,23.734972278960047
1299,70.30552253387869
1300,164.91579177975655
1301,353.5624971359968
1302,564.3453443348408
1303,714.1964001238346
1304,831.9058633983135
1305,899.3246075034141
1306,932.8493268370628
1307,840.2928125560284
1308,876.8646279931068
1309,762.8394277453423
1310,537.6015728473664
1311,433.4555849611759
1312,357.1384136259556
1313,223.84399644881486
1314,119.10599175319075
1315,54.118425455689426
1316,37.43380571678281
1317,0.0
1318,0.0
1319,0.0
1320,0.0
1321,0.0
1322,23.086331096850333
1323,72.10628575980662
1324,158.5784294217825
1325,342.6015364676714
1326,528.6480623066425
1327,727.6593931138515
1328,834.5883244693279
1329,945.4474706411361
1330,963.1293507099151
1331,951.5424870371818
1332,879.8385773062705
1333,753.6036324083805
1334,551.8301689088345
1335,396.97017202377316
1336,293.8172634243965
1337,207.1458720266819
1338,108.48812558948993
1339,60.59273629076779
1340,18.533115108869968
1341,0.0
1342,0.0
1343,0.0
1344,0.0
1345,0.0
1346,21.9268557401374
1347,63.9565871860832
1348,105.11768118068575
1349,123.15786032751203
1350,164.28659201860427
1351,146.7692750573158
1352,259.4290342122316
1353,362.0510619521141
1354,357.89501929879185
1355,197.95597372502087
1356,293.8458009749651
1357,231.55409740805624
1358,207.0799368917942
1359,158.60351568013428
1360,149.6756408572197
1361,78.4473913103342
1362,51.74637034423649
1363,33.62759703174233
1364,7.58098710863851
1365,0.0
1366,0.0
1367,0.0
1368,0.0
1369,0.0
1370,7.83038375149481
1371,15.693115855380892
1372,41.4079901676625
1373,60.65902771577239
1374,83.16535928249358
1375,119.98131501004099
1376,100.93979751393199
1377,110.3750037074089
1378,158.0153193309903
1379,189.62709556370973
1380,190.68076992630958
1381,190.4643344119191
1382,180.17077810764312
1383,173.49348922222853
1384,158.52061598449944
1385,103.11224859952927
1386,60.87165994048118
1387,25.2584237460047
1388,6.59058375377208
1389,0.0
1390,0.0
1391,0.0
1392,0.0
1393,0.0
1394,18.252489422634245
1395,62.0277054682374
1396,149.49620800316333
1397,336.9924826204777
1398,492.94157683253286
1399,676.5424929678439
1400,801.8536591529846
1401,833.0737394750118
1402,861.5924023747444
1403,802.2441874623298
1404,730.4413063466549
1405,686.8512452602387
1406,532.523502883315
1407,418.9195319920778
1408,324.3770651847124
1409,191.49585869014263
1410,101.36689921841025
1411,57.59062718041241
1412,26.47298885229975
1413,0.0
1414,0.0
1415,0.0
1416,0.0
1417,0.0
1418,13.816767612844705
1419,44.62295042797923
1420,100.40062325075269
1421,61.86990328766405
1422,86.38498565554619
1423,186.50814046561717
1424,499.1232361167669
1425,622.519364386797
1426,739.6882282376289
1427,754.3280260205269
1428,661.8603868067264
1429,545.9042486608029
1430,323.67186831235887
1431,271.2856824785471
1432,165.49837334007023
1433,98.72129485756159
1434,55.51974024139344
1435,46.40085957460105
1436,17.111402713973074
1437,0.0
1438,0.0
1439,0.0
1440,0.0
1441,0.0
1442,0.0
1443,9.564781853556633
1444,37.91600529402495
1445,132.61910689473152
1446,214.38456856012345
1447,363.9585398554802
1448,462.02416226863863
1449,441.36722978353504
1450,498.9595829844475
1451,620.4892576217652
1452,426.3887053012848
1453,381.13017411231993
1454,379.51574288606645
1455,274.4121679186821
1456,204.43338285684587
1457,107.52391102910042
1458,69.54131301641465
1459,0.0
1460,0.0
1461,0.0
1462,0.0
1463,0.0
1464,0.0
1465,0.0
1466,0.0
1467,17.497003159672023
1468,74.91020619571209
1469,159.48657842874528
1470,224.4757095694542
1471,380.9526531100273
1472,478.8914577841759
1473,610.8116073846817
1474,677.538353061676
1475,694.7317641019821
1476,638.8377616882325
1477,655.5259275197983
1478,544.0057979822159
1479,383.1485333919525
1480,306.87908799648284
1481,146.93509284853937
1482,67.89268985688686
1483,27.587460851669313
1484,0.0
1485,0.0
1486,0.0
1487,0.0
1488,0.0
1489,0.0
1490,0.0
1491,32.41561355888844
1492,97.14674492776395
1493,185.7203038573265
1494,361.51855702400206
1495,525.481590127945
1496,667.4285632610321
1497,794.5834700345994
1498,819.5378168821335
1499,731.4642228126526
1500,721.8800548553467
1501,645.1137055635453
1502,496.16387296915053
1503,331.0377332210541
1504,255.1123371720314
1505,138.67013323903083
1506,66.43974494934082
1507,47.4537672534585
1508,0.0
1509,0.0
1510,0.0
1511,0.0
1512,0.0
1513,0.0
1514,0.0
1515,21.6779835999012
1516,76.91521192789078
1517,192.92266963720323
1518,324.2436448931694
1519,524.4329084157944
1520,597.5397452116013
1521,586.2534728765488
1522,690.3206397771836
1523,607.2853771448135
1524,594.6811774492264
1525,644.4152993917465
1526,592.8719467878342
1527,455.04221566915515
1528,297.7936709403992
1529,128.40876987576485
1530,66.88692121803761
1531,38.56102334260941
1532,0.0
1533,0.0
1534,0.0
1535,0.0
1536,0.0
1537,0.0
1538,0.0
1539,46.43386306911707
1540,111.76593014001847
1541,173.35669144392014
1542,356.9749547839165
1543,534.3662794589997
1544,657.830810880661
1545,729.3696001052857
1546,806.8430543661118
1547,826.9286963224412
1548,666.6138553619385
1549,638.3330527067185
1550,563.5579534292222
1551,442.2868296861649
1552,316.7819238781929
1553,209.65605729818344
1554,100.07515628635883
1555,55.95102868974209
1556,0.0
1557,0.0
1558,0.0
1559,0.0
1560,0.0
1561,0.0
1562,9.185471843183041
1563,51.56920694857836
1564,98.9043190330267
1565,200.99817718863488
1566,361.80874532461166
1567,529.652008008957
1568,595.0580856084824
1569,673.7481798648835
1570,642.6091669321061
1571,632.7770832538605
1572,626.8657738924027
1573,658.8121067047119
1574,550.2645825862885
1575,399.9888983845711
1576,269.59133620262145
1577,184.76494057774545
1578,101.38133133351803
1579,63.32399665117264
1580,0.0
1581,0.0
1582,0.0
1583,0.0
1584,0.0
1585,0.0
1586,8.637878647819162
1587,43.64978248178959
1588,107.3393445968628
1589,218.74428954720497
1590,342.016479241848
1591,565.3851179122925
1592,632.2780940294266
1593,718.1280133724213
1594,738.5220455646515
1595,748.3880903005601
1596,718.4006551265717
1597,629.0970153808594
1598,545.8622762203216
1599,393.23484835624697
1600,270.3982390165329
1601,167.52343293428422
1602,96.56535545289516
1603,58.49809311926365
1604,0.0
1605,0.0
1606,0.0
1607,0.0
1608,0.0
1609,0.0
1610,1.955344434734434
1611,8.759860101342202
1612,21.577809651196002
1613,49.4610482275486
1614,97.79050805568696
1615,109.7157472640276
1616,104.44736689925195
1617,141.7324673473835
1618,181.38323847055435
1619,340.9169155240059
1620,425.98409206867217
1621,349.8468862652779
1622,357.59250980615616
1623,269.14903811216357
1624,179.80182990431786
1625,111.87459062933922
1626,72.86192245781422
1627,46.622320872545245
1628,0.0
1629,0.0
1630,0.0
1631,0.0
1632,0.0
1633,0.0
1634,8.010932201519608
1635,35.55052453279495
1636,59.812724916636945
1637,100.29792146086693
1638,197.3188838660717
1639,347.2825285077095
1640,425.12636682987215
1641,521.5757110118866
1642,523.8939404726028
1643,507.0605166435242
1644,532.4641623258591
1645,491.10778645277026
1646,295.86924079656603
1647,245.41133126020432
1648,126.05135114192963
1649,91.9786390542984
1650,52.07570335417986
1651,22.111791425943377
1652,0.0
1653,0.0
1654,0.0
1655,0.0
1656,0.0
1657,0.0
1658,3.8780413823202253
1659,16.232758102566006
1660,39.28226385712624
1661,58.97911500781775
1662,116.30081868767739
1663,219.8452832043171
1664,373.1804565310478
1665,300.4919365525246
1666,336.4860997438431
1667,315.69785116910936
1668,249.82734121084215
1669,218.11078176498413
1670,160.82235023975372
1671,149.35620346069337
1672,112.79918042421342
1673,58.425978004932404
1674,37.36101756244898
1675,23.081949363648892
1676,15.640876820683479
1677,0.0
1678,0.0
1679,0.0
1680,0.0
1681,0.0
1682,5.942123342491686
1683,18.662230508029463
1684,50.36161951124668
1685,111.4602806210518
1686,201.82508425712587
1687,336.969180893898
1688,298.9429548382759
1689,214.79230978488923
1690,275.0470609545708
1691,265.00668278932574
1692,362.54495551586155
1693,405.222178208828
1694,406.6235186934471
1695,349.46813110113146
1696,242.8565213263035
1697,164.92213507890702
1698,107.21073943376541
1699,61.43140499889851
1700,25.457316814363004
1701,0.0
1702,0.0
1703,0.0
1704,0.0
1705,0.0
1706,11.488515646755696
1707,34.42900901287794
1708,69.48461443483829
1709,135.68756293058397
1710,185.43719077706336
1711,223.03975263834
1712,281.78716907501223
1713,322.8040237426758
1714,327.72316378355026
1715,348.21919831037525
1716,255.354145860672
1717,256.8540627837181
1718,223.14109958410265
1719,203.6516231417656
1720,147.1058812201023
1721,81.24631923437119
1722,47.847261218726636
1723,25.16465777233243
1724,15.743227330595255
1725,0.0
1726,0.0
1727,0.0
1728,0.0
1729,0.0
1730,13.73404535651207
1731,35.83236407339573
1732,51.171765755116944
1733,121.18359954357148
1734,173.5121675491333
1735,206.93969401717186
1736,304.0106298208237
1737,421.66305391788484
1738,369.70874272584916
1739,297.9918069005013
1740,273.25183178186415
1741,265.7011864185333
1742,240.0938041806221
1743,223.09960155487062
1744,179.7202488899231
1745,101.74762666225433
1746,77.30536936819554
1747,55.37516161054373
1748,21.49304292574525
1749,0.0
1750,0.0
1751,0.0
1752,0.0
1753,0.0
1754,10.756459354609252
1755,39.580607280135155
1756,71.47380891144276
1757,159.8057527899742
1758,186.8170225918293
1759,268.11102136373523
1760,348.2960873365402
1761,389.42123011350634
1762,381.5393750667572
1763,334.3596013069153
1764,275.82089642286303
1765,263.59843093156815
1766,177.8810043990612
1767,154.27555203437805
1768,114.7037403702736
1769,68.6048815369606
1770,39.20284637063742
1771,25.13129252269864
1772,15.38611210025847
1773,0.0
1774,0.0
1775,0.0
1776,0.0
1777,0.0
1778,2.9894379269331695
1779,9.49023044295609
1780,41.853760139644145
1781,75.17018702924251
1782,134.5347190797329
1783,165.97118917107582
1784,207.45123989582063
1785,281.4160104632378
1786,287.86864120960234
1787,271.49279794692995
1788,253.26500458717348
1789,223.64276994466783
1790,189.20618299841883
1791,197.97871146798136
1792,149.24298503994942
1793,104.9971264153719
1794,49.267868645489216
1795,37.17034037411213
1796,18.586557302623987
1797,0.0
1798,0.0
1799,0.0
1800,0.0
1801,0.0
1802,7.214716694131494
1803,31.034523099660873
1804,58.190831194818024
1805,92.70419917702675
1806,138.29516145586967
1807,217.28807514309884
1808,230.9940281510353
1809,311.1720337986946
1810,282.560974752903
1811,342.7736618757248
1812,325.2356950521469
1813,222.37810782194137
1814,224.93191977739335
1815,168.57378290891648
1816,166.96927188634874
1817,108.41999885737896
1818,79.12702262699604
1819,35.080040998756886
1820,15.949080866575242
1821,0.0
1822,0.0
1823,0.0
1824,0.0
1825,0.0
1826,5.87831975016743
1827,17.866219809651376
1828,50.49632053524256
1829,85.65375699698926
1830,125.01970953941345
1831,154.40080577731132
1832,157.24985550642015
1833,244.7271202147007
1834,244.8266797363758
1835,304.50544838905336
1836,318.6055433034897
1837,249.08772001862528
1838,186.3358778178692
1839,213.61548466086387
1840,147.61356924176218
1841,133.78829078078272
1842,90.31710175573826
1843,56.568859273195265
1844,28.97585368305445
1845,0.0
1846,0.0
1847,0.0
1848,0.0
1849,0.0
1850,22.020048160851
1851,58.074987494945525
1852,148.21506723761559
1853,282.4335909962654
1854,473.8107941865921
1855,636.5441986799241
1856,787.4170910596848
1857,867.0871703624725
1858,902.7854850769044
1859,894.9170655012131
1860,878.3251822471619
1861,737.4652012825012
1862,624.2116874456406
1863,488.5803985834122
1864,340.90270550251006
1865,253.89959971904756
1866,137.79398263692858
1867,67.71954804360867
1868,39.97440287321806
1869,0.0
1870,0.0
1871,0.0
1872,0.0
1873,0.0
1874,22.39847376868129
1875,64.11882690489293
1876,118.27404550909996
1877,209.6698800444603
1878,389.65702114105227
1879,515.9957900762558
1880,605.2702352285386
1881,614.4262555360795
1882,687.5046722888947
1883,527.122743344307
1884,284.8192659258843
1885,192.667961704731
1886,258.98547663688663
1887,324.51610790491105
1888,230.287950950861
1889,155.63095571994782
1890,90.6810064047575
1891,49.89678498208523
1892,25.796705824881794
1893,0.0
1894,0.0
1895,0.0
1896,0.0
1897,0.0
1898,12.162880033627152
1899,41.35277123451233
1900,78.96252003014088
1901,140.21151840090752
1902,329.5319773793221
1903,518.4153069019318
1904,611.0888368606568
1905,677.6136631965637
1906,725.741963338852
1907,856.5831343889237
1908,840.2874273061752
1909,679.7504095315934
1910,633.111033654213
1911,516.251987528801
1912,362.26248292922975
1913,252.31308209896088
1914,140.80102576017381
1915,67.69803937375546
1916,39.03211757987738
1917,0.0
1918,0.0
1919,0.0
1920,0.0
1921,0.0
1922,22.47192200347781
1923,61.678240817785266
1924,127.77773469686508
1925,203.74035385251045
1926,409.72609963417057
1927,586.3788904666901
1928,713.9897691249847
1929,834.3427526950836
1930,880.408782505989
1931,896.6804189443588
1932,855.5687116384506
1933,666.7020349502563
1934,621.4983776807785
1935,509.8985886096954
1936,365.530519759655
1937,244.46562007069588
1938,149.44587256908417
1939,69.41147155165673
1940,42.598490385711195
1941,0.0
1942,0.0
1943,0.0
1944,0.0
1945,0.0
1946,22.47192200347781
1947,58.80919800549746
1948,124.56496650874615
1949,210.05533804893494
1950,373.13916703462604
1951,576.5800528764725
1952,698.1842928886414
1953,777.6684800863267
1954,783.5984382390976
1955,647.4831149339676
1956,611.6288176774979
1957,608.8857175111771
1958,516.6563624382019
1959,380.30182220935825
1960,257.933935046196
1961,178.20701565742493
1962,98.69872802495956
1963,59.58667162656784
1964,41.98095025867224
1965,0.0
1966,0.0
1967,0.0
1968,0.0
1969,0.0
1970,7.708241707272828
1971,23.963834618031978
1972,48.436399921774864
1973,62.89515637457371
1974,131.27459160089492
1975,175.76637743711473
1976,190.80658294558526
1977,223.8854425549507
1978,426.50003203153614
1979,565.0430049419404
1980,602.3169935703278
1981,606.3404851913452
1982,611.0201997756958
1983,494.15525515079497
1984,316.9861966609955
1985,237.59269144535065
1986,147.54088066220285
1987,67.25841497182846
1988,47.1913771212101
1989,0.0
1990,0.0
1991,0.0
1992,0.0
1993,0.0
1994,7.024117705598473
1995,16.69366960823536
1996,31.83504704385996
1997,47.89314960837364
1998,79.1253841549158
1999,85.1379287481308
2000,166.89893674850464
2001,205.26568198800086
2002,233.20603993535042
2003,255.58466398715973
2004,397.8718732953072
2005,438.20590217113494
2006,400.96292535066607
2007,410.0977051019669
2008,261.9604354977608
2009,159.33284506201744
2010,106.47038092911244
2011,54.292034746706484
2012,28.412744343280792
2013,0.0
2014,0.0
2015,0.0
2016,0.0
2017,0.0
2018,17.680824831873178
2019,57.091956380009655
2020,120.63582853674889
2021,229.1728217482567
2022,441.7680894255638
2023,599.5871799230575
2024,730.465410232544
2025,801.4919237136841
2026,842.9520595550538
2027,797.4589587450027
2028,767.1314959287644
2029,700.2737320661545
2030,501.6579677581787
2031,374.84493563175204
2032,318.36167907714844
2033,229.2471785902977
2034,137.94195156097413
2035,66.34793837964536
2036,53.9801255196333
2037,0.0
2038,0.0
2039,0.0
2040,0.0
2041,0.0
2042,19.786939186602833
2043,56.48956839591265
2044,130.499087870121
2045,218.19184144735337
2046,382.17015702724456
2047,604.934139919281
2048,705.9876502275467
2049,751.487781572342
2050,870.2093235969544
2051,854.4100437641144
2052,803.8524555444718
2053,681.9703902482987
2054,493.2298163294792
2055,386.0563446879387
2056,265.14636998176576
2057,182.7527330160141
2058,108.2073698669672
2059,64.53750120699407
2060,33.16003845334053
2061,0.0
2062,0.0
2063,0.0
2064,0.0
2065,0.0
2066,20.610824391245842
2067,56.37095791250467
2068,87.05351859033108
2069,108.04491536021233
2070,141.13785093426705
2071,141.56032351255416
2072,203.46607362627984
2073,301.69957984685897
2074,332.03580104112626
2075,209.44033010601999
2076,247.60050870180132
2077,200.02824640274048
2078,176.10594332814216
2079,126.92240758538246
2080,109.23400668203831
2081,72.40165330767631
2082,49.44675255864859
2083,35.55157092064619
2084,19.923699472099543
2085,0.0
2086,0.0
2087,0.0
2088,0.0
2089,0.0
2090,7.636706109344959
2091,15.195919005945326
2092,34.516205517947675
2093,54.50213900059462
2094,76.19127538204194
2095,99.35057924687862
2096,93.77922305166722
2097,116.47002072036267
2098,139.63295901417732
2099,150.42655768990517
2100,162.1218671321869
2101,171.05092926621438
2102,151.44233590364456
2103,137.2294843196869
2104,136.4873607337475
2105,100.77654894590378
2106,60.02557361125946
2107,29.49637205824256
2108,19.064542432129382
2109,0.0
2110,0.0
2111,0.0
2112,0.0
2113,0.0
2114,17.42337804436684
2115,57.510165207087994
2116,124.47082884013653
2117,215.229111546278
2118,347.4632668733597
2119,568.8092266559601
2120,704.3130125999451
2121,754.6847087144852
2122,735.5567685842515
2123,662.3016351699829
2124,667.8992516040802
2125,640.6377573251724
2126,440.26614675521853
2127,359.1848067641258
2128,235.0948854446411
2129,159.06045652627947
2130,99.59154635667801
2131,66.08614777922631
2132,39.92951990962029
2133,0.0
2134,0.0
2135,0.0
2136,0.0
2137,0.0
2138,11.742776723206044
2139,36.14908817410469
2140,87.48346111178398
2141,58.349789053201675
2142,86.67404845654964
2143,152.35110699534417
2144,255.69774835109712
2145,394.38857102394104
2146,497.4132526159287
2147,586.0108002662658
2148,581.015784072876
2149,359.331256377697
2150,296.17766082286835
2151,241.89356149435045
2152,142.2373401761055
2153,82.39023341238499
2154,72.82347794473172
2155,53.24186351448298
2156,27.266836070269346
2157,0.0
2158,0.0
2159,0.0
