id,prediction
0,0.0
1,0.0
2,0.0
3,97.95725847132505
4,305.3511548233777
5,1033.9245066252352
6,1835.3158103853464
7,2817.2283210682867
8,3121.2340729236603
9,3132.5298960614205
10,2598.551416770816
11,3178.2565527677534
12,2247.2143752586844
13,2503.8386019033196
14,2278.616893442273
15,1857.261058359146
16,1235.940806532204
17,616.9960214750469
18,263.4620288224518
19,0.0
20,0.0
21,0.0
22,0.0
23,0.0
24,0.0
25,0.0
26,0.0
27,151.3409926018864
28,689.213859334588
29,1187.9221099582314
30,2040.8537251478433
31,2831.6700176221134
32,3584.905843988657
33,4383.773152899742
34,3905.5412729036807
35,3483.4211397492886
36,3668.0750753331185
37,3880.881083714962
38,3134.5895537745955
39,2692.769052606225
40,1792.5453622484208
41,791.5369334569574
42,379.56267351418734
43,95.89722698170692
44,0.0
45,0.0
46,0.0
47,0.0
48,0.0
49,0.0
50,0.0
51,290.1270907770842
52,728.8617577055097
53,1677.0158906793595
54,2680.6646762663127
55,3799.886334207058
56,4362.173915119171
57,4874.193476897478
58,4745.953384956121
59,4363.840573600531
60,4260.8033515262605
61,3709.6113350129126
62,2730.575920445323
63,1890.5598832708597
64,1320.2922820875049
65,881.3877497845888
66,378.39016884952787
67,126.29913494724781
68,0.0
69,0.0
70,0.0
71,0.0
72,0.0
73,0.0
74,0.0
75,153.6093884396553
76,547.064542081207
77,1396.0658659315109
78,2377.7237814599275
79,3377.9992666840553
80,3796.3100411975383
81,3550.6294762051107
82,3820.4712922310828
83,3299.234018905163
84,3696.66935770154
85,3823.584187885523
86,3024.0446794188024
87,2586.5471698004008
88,1442.4594252473116
89,756.5093390983343
90,354.13417082726954
91,112.40966639008373
92,0.0
93,0.0
94,0.0
95,0.0
96,0.0
97,0.0
98,0.0
99,265.77440212860705
100,622.8713599906862
101,1533.735205528736
102,2719.2353295689823
103,3558.4156453335286
104,4350.032631025314
105,4542.1959275829795
106,4777.215961239338
107,4685.351194717884
108,4610.395305579901
109,4105.619573990107
110,3573.5563679122924
111,2832.5728906399013
112,1846.8558056545257
113,1035.9671628499032
114,433.41523009791973
115,168.45804210562258
116,0.0
117,0.0
118,0.0
119,0.0
120,0.0
121,0.0
122,96.0525684715435
123,278.1580001509935
124,766.3412400975824
125,1659.3791103708745
126,2705.523757240176
127,3680.7959478592875
128,3906.9502605843545
129,3606.5864155232907
130,3893.665519595146
131,3617.0043125510215
132,3702.881479471922
133,3542.6717543685436
134,3289.6075881564616
135,2401.9884083783627
136,1659.9966317725182
137,939.2491975539923
138,464.52338331341747
139,181.48441813789307
140,0.0
141,0.0
142,0.0
143,0.0
144,0.0
145,0.0
146,128.7561383783072
147,347.64139634460213
148,756.522837767601
149,1675.8134838992357
150,2904.993592994213
151,3848.30281435132
152,4210.213073022365
153,4269.486925857067
154,4322.938922245503
155,4170.080333207846
156,3908.3346430957317
157,3693.836345847845
158,3066.3532680237295
159,2320.9957093012335
160,1552.343548285961
161,947.8156410267949
162,419.78558956548574
163,171.60992798276246
164,0.0
165,0.0
166,0.0
167,0.0
168,0.0
169,0.0
170,11.185908834943548
171,82.7197277937457
172,134.3443952268362
173,247.960793524459
174,380.9189053197205
175,545.1861766223609
176,765.2006879791618
177,1056.4960757660865
178,1303.3904103425145
179,2066.618071308732
180,2417.7833892434837
181,2464.8048929840324
182,2241.3060589814186
183,2110.6045957642796
184,1272.5700436297059
185,671.3311554850638
186,375.8156821426749
187,182.52509719066322
188,0.0
189,0.0
190,0.0
191,0.0
192,0.0
193,0.0
194,65.60864269411191
195,171.6052717962116
196,357.6826975867152
197,617.1410467350483
198,1438.7594229143858
199,1978.7598465210199
200,2353.4895692646505
201,2389.6338794839385
202,2804.880285204649
203,2609.516095338464
204,3152.8534241616726
205,2875.697038085461
206,2425.0930040860176
207,1355.2893762883543
208,1036.7069411864877
209,422.2983497625589
210,215.2321165200323
211,65.95588634960353
212,0.0
213,0.0
214,0.0
215,0.0
216,0.0
217,0.0
218,9.27458163346164
219,103.24956981137395
220,159.06722934745252
221,310.904340762198
222,667.1696353586018
223,1594.237949874401
224,1789.8943261259794
225,1418.5454219913483
226,1634.067909411192
227,1089.9210876050593
228,1018.8423067581654
229,884.4176884272695
230,714.0907961431146
231,629.3145823962986
232,458.8650060041249
233,358.1760397745669
234,247.143376480937
235,85.2505520723574
236,13.69806565004401
237,0.0
238,0.0
239,0.0
240,0.0
241,0.0
242,18.767450044727884
243,126.19523577533663
244,330.1795647702366
245,629.687077320367
246,1350.7040150338412
247,1798.3174957484007
248,1830.7266045731305
249,1576.8033078664541
250,1687.7885122311116
251,1646.1273471432924
252,1618.0871936917306
253,2074.097530167103
254,2343.5446382689474
255,2383.9475223380327
256,1590.5077036875487
257,1057.5410265496373
258,563.6559444330633
259,315.191150752455
260,71.21311610061676
261,0.0
262,0.0
263,0.0
264,0.0
265,0.0
266,68.58427695924416
267,202.60146294794976
268,369.94055721357466
269,714.4567126017809
270,1214.2833023437859
271,1394.618176369965
272,1892.3118054986
273,1582.3811630505325
274,1868.987471959591
275,1993.470491244793
276,1579.3120099192859
277,1785.6999991071225
278,1598.2221077388526
279,1222.3238957574963
280,796.6823186168075
281,439.9309010575712
282,227.2349965365976
283,79.91387880815194
284,14.251987654943951
285,0.0
286,0.0
287,0.0
288,0.0
289,0.0
290,89.8204870390892
291,193.90172011613845
292,390.401891348809
293,674.1357176117599
294,1334.7295360413193
295,1606.454074691534
296,2273.7180725830794
297,2075.4843048477173
298,2051.782350307703
299,1894.420331811905
300,1697.3606065642834
301,1698.0141813737155
302,1922.497905625105
303,1554.570999584198
304,1119.1117035904526
305,756.3622206902504
306,397.8838278110325
307,179.57758159339429
308,56.50675378695131
309,0.0
310,0.0
311,0.0
312,0.0
313,0.0
314,72.16751687094569
315,225.7373277249187
316,492.55823981881144
317,878.8738362202048
318,1478.1840806347132
319,1730.7809194993972
320,2265.6125488615035
321,2521.0437665337327
322,2551.3761307221653
323,2083.9988895088436
324,1851.3071199971437
325,1579.862037974596
326,973.2677236676217
327,787.9532930704952
328,575.2024327330291
329,373.04760059684514
330,200.8206638201326
331,96.03169038735331
332,17.527257136018015
333,0.0
334,0.0
335,0.0
336,0.0
337,0.0
338,13.099526752056555
339,90.94805309593677
340,179.89915748655795
341,593.568141181916
342,857.8426531988382
343,1106.500870849192
344,1217.9029107034207
345,1521.3384719341993
346,1478.2016801655293
347,1503.3905387556554
348,1539.4002040207386
349,1353.4163077756762
350,1204.9321419265866
351,1119.726661953628
352,944.0176451897621
353,623.9772683724761
354,313.72400345720354
355,132.2867131891474
356,37.40150461650454
357,0.0
358,0.0
359,0.0
360,0.0
361,0.0
362,44.489766379483044
363,174.12274157647045
364,330.63708849549295
365,696.485626642406
366,864.4710124164819
367,1319.2306715539098
368,1290.6003357777
369,1581.6110554254055
370,1684.4136740452052
371,1685.1848068857194
372,1774.4880727618934
373,1451.7065263026952
374,1415.2461934402586
375,996.686462456882
376,1219.898407020271
377,828.9781411412358
378,408.5952781780064
379,122.87473400495946
380,25.465122099034488
381,0.0
382,0.0
383,0.0
384,0.0
385,0.0
386,31.50454847328365
387,123.1757094764337
388,250.76420228384436
389,533.6265741088987
390,626.4179644712806
391,684.3063668619096
392,799.0107536306978
393,934.7613171958924
394,1356.3438957488538
395,1611.606978097558
396,1717.7220676338673
397,1090.7623622649908
398,1167.593370346427
399,1098.0200328612327
400,1132.320664075613
401,984.3018605777621
402,567.6093031185866
403,283.355051894635
404,76.14702388850972
405,0.0
406,0.0
407,0.0
408,0.0
409,0.0
410,163.6232972081378
411,529.5475838211179
412,1026.6143791750073
413,1933.1357113534211
414,3065.166410343647
415,4077.649647792578
416,4669.028398797512
417,5092.428684232235
418,5109.990965555907
419,5057.269606000185
420,4830.948183166981
421,4441.561126899719
422,3688.161095201969
423,2965.663447448015
424,2225.365668400526
425,1293.683500185907
426,657.8764423280954
427,344.5805730883777
428,119.66842627767474
429,0.0
430,0.0
431,0.0
432,0.0
433,0.0
434,156.55014402296393
435,371.03775126457214
436,753.312632085979
437,1411.5404669880868
438,2605.619764258862
439,3428.1586129868033
440,3869.2578751301767
441,3961.786297745705
442,3650.8682020103934
443,2736.6060664844513
444,1487.5225967288018
445,912.7580591180921
446,1516.0174332046508
447,1713.3611431145669
448,1085.4254326969385
449,587.3811799058318
450,332.07832774356007
451,165.41305629126728
452,59.57223856939003
453,0.0
454,0.0
455,0.0
456,0.0
457,0.0
458,86.25234235603362
459,201.38141391970217
460,452.35335047140717
461,1209.8571057781578
462,2450.9267231547833
463,3390.250932301283
464,3740.745075895786
465,3836.0180001032354
466,4175.61444586873
467,4816.077775712013
468,4462.217508262396
469,4381.032410430908
470,3686.2600041353703
471,2937.001500864029
472,2214.4584018945693
473,1229.5190282151102
474,647.3768698078394
475,293.1250555148721
476,124.65700687989593
477,0.0
478,0.0
479,0.0
480,0.0
481,0.0
482,198.75767415694892
483,380.15294127345084
484,887.790732486248
485,1823.0340717834235
486,2758.9115067976713
487,3573.4145464503767
488,4437.558686027527
489,4838.870705941916
490,4883.75019299984
491,4898.810948778391
492,4691.33776910305
493,4364.761900495291
494,3707.9600547623636
495,2898.9144074857236
496,2265.7376251387595
497,1373.2273990514875
498,662.6767143581808
499,328.51307715810833
500,126.38636368978769
501,0.0
502,0.0
503,0.0
504,0.0
505,0.0
506,178.03511300515385
507,332.0974437388033
508,860.2902695015073
509,1735.045132033825
510,2567.301655679941
511,3611.0884780275824
512,4215.065759189129
513,4393.162417155504
514,4458.691792545319
515,4010.9450338304046
516,4092.187543723583
517,3589.422601246834
518,2698.7464000529053
519,2185.9765514802934
520,1526.1094826084375
521,921.1499596711993
522,478.8947671785951
523,233.4154220645875
524,87.01153570901603
525,0.0
526,0.0
527,0.0
528,0.0
529,0.0
530,46.94216168096289
531,140.60288663484155
532,319.27296038255093
533,753.2441989588738
534,1161.1792811447383
535,1365.4800172385574
536,1247.1191570734977
537,956.335095461011
538,1728.080331299901
539,3609.7040955162047
540,4002.6442065775395
541,3581.670605964661
542,3658.9322045087815
543,2971.2074705243112
544,1994.2250497698785
545,1242.6471675539017
546,634.4741497023404
547,347.61602226376533
548,126.50997689925134
549,0.0
550,0.0
551,0.0
552,0.0
553,0.0
554,84.74128700802103
555,115.71014442242682
556,153.87459884516895
557,180.28735102124512
558,345.16601379185914
559,699.6416240604221
560,1161.932472715974
561,1192.3961499086022
562,1311.2120348364115
563,1343.7305854037404
564,1614.1843695813418
565,2188.222969263196
566,2287.000763141513
567,2061.542742533684
568,1466.7055982887746
569,963.1367160791159
570,524.9860161070526
571,269.48897106349466
572,67.01748620387167
573,0.0
574,0.0
575,0.0
576,0.0
577,0.0
578,172.65814664036037
579,326.36745086297395
580,823.3870435917378
581,1711.5647948867083
582,2712.6802732515334
583,3591.9962336075305
584,4266.663824418783
585,4634.263686751127
586,4509.7478605735305
587,4259.546779199839
588,4204.400101776123
589,3919.546740310192
590,3053.29031529665
591,2746.002848986387
592,1839.7907046818734
593,951.9613557493686
594,500.71528061360124
595,249.4968651958555
596,51.88872447129339
597,0.0
598,0.0
599,0.0
600,0.0
601,0.0
602,163.74735894933343
603,345.71130022600295
604,780.3831026503444
605,1580.33859226048
606,2510.10916095078
607,3411.600017527342
608,4161.414529277086
609,4750.09764729023
610,4824.139044302702
611,4855.300466001034
612,4575.699966441393
613,4102.528891335726
614,3183.2828420734404
615,2311.2361714214085
616,1611.9480330830813
617,929.1725263810158
618,517.6683704106509
619,258.2435970662534
620,100.69181760985404
621,0.0
622,0.0
623,0.0
624,0.0
625,0.0
626,135.66669881064445
627,282.33284807749095
628,421.46677193149924
629,633.1812676642835
630,800.8757058548928
631,1035.071380905211
632,1496.5805455452205
633,1879.1497486174108
634,1265.0557274481655
635,1040.4088230809568
636,1731.2120225697756
637,1344.4801887211204
638,1076.0548786219954
639,936.1590275073052
640,722.010755879581
641,400.9819432769716
642,183.7896790122986
643,119.44566619679333
644,34.94685864686966
645,0.0
646,0.0
647,0.0
648,0.0
649,0.0
650,35.297591772442686
651,102.87881561759859
652,139.66530580446124
653,266.7783656553179
654,369.98690549254417
655,598.0491867707669
656,576.8201371796429
657,573.5209086285531
658,803.3238347652555
659,713.4220139721036
660,1034.866594131589
661,972.4091057807208
662,963.1444051945209
663,932.0463759809733
664,672.2400943605602
665,520.22346345976
666,257.88983368165793
667,110.92835830729454
668,28.75045150609687
669,0.0
670,0.0
671,0.0
672,0.0
673,0.0
674,170.5204764438048
675,288.6653472212702
676,617.8313157118857
677,1242.9163720276952
678,2388.6305353581906
679,3239.7284673929216
680,3746.0843976330757
681,4350.971728320122
682,4217.99172390461
683,4518.108150318861
684,4180.209461234808
685,3722.5898783397674
686,2452.5144400513173
687,2022.9929352772235
688,1354.8048765832186
689,889.939754807353
690,457.9173225304484
691,330.1583769855648
692,108.6256177540496
693,0.0
694,0.0
695,0.0
696,0.0
697,0.0
698,76.20417964635416
699,206.26436529904603
700,393.95896156981587
701,412.1810971471667
702,435.36450628772377
703,1102.893223335743
704,1807.304875572324
705,2772.5509723109008
706,2977.3898610484603
707,3357.0681275975703
708,3036.188013943434
709,2514.0743523305655
710,1683.9419040977955
711,1185.3999946707488
712,887.2303668424487
713,580.958718111813
714,395.93959226354957
715,235.44146125651898
716,63.62455189844594
717,0.0
718,0.0
719,0.0
720,0.0
721,0.0
722,0.0
723,12.894812204036862
724,42.280463103577496
725,173.12957535535097
726,318.57027461528776
727,487.77573072016236
728,544.7168324321508
729,569.8190251082182
730,485.47940228283403
731,603.7117105722427
732,443.5332895517349
733,490.81585555672643
734,419.32015661895275
735,317.3811756670475
736,211.845639154315
737,107.94296736940741
738,35.49667996075004
739,0.0
740,0.0
741,0.0
742,0.0
743,0.0
744,0.0
745,0.0
746,0.0
747,21.169940996356306
748,103.7315666757524
749,196.86806116998196
750,342.63172239661213
751,532.2889523774385
752,640.5526924610137
753,798.4355405509472
754,726.0145175457001
755,702.6626966536045
756,723.2267663061618
757,740.6694941461086
758,574.7150179445744
759,444.47015226781366
760,267.99970887601376
761,117.69310827031731
762,56.21275885999202
763,8.903091733111069
764,0.0
765,0.0
766,0.0
767,0.0
768,0.0
769,0.0
770,0.0
771,40.49028985016048
772,134.47462175041437
773,318.2802973866463
774,494.1295081794262
775,691.6914336204528
776,829.9470404326916
777,931.5793199837208
778,947.3515537083149
779,893.4423692822456
780,851.7519269049168
781,742.8459717392922
782,539.7881467580795
783,381.59845990240575
784,250.01572912931442
785,163.32768224179745
786,64.48419704474509
787,16.844081029482187
788,0.0
789,0.0
790,0.0
791,0.0
792,0.0
793,0.0
794,0.0
795,23.024504029937088
796,111.2700474075973
797,262.9943049252033
798,439.1593175411224
799,605.1416788101196
800,720.1999315202236
801,673.4389399051666
802,772.1787961900234
803,658.671118068695
804,812.3214799582958
805,785.7342357337475
806,588.9944390058517
807,486.772967210412
808,258.3870015218854
809,135.85022784322499
810,64.73505533561111
811,16.165558696724474
812,0.0
813,0.0
814,0.0
815,0.0
816,0.0
817,0.0
818,0.0
819,47.229315656796096
820,135.3902358390391
821,302.38254651725293
822,497.06647200286386
823,665.6947896301746
824,826.4526156485081
825,885.6501413047313
826,964.0246948957442
827,961.6969785869121
828,934.7220220327376
829,832.2856772482395
830,696.6642477571964
831,511.8077480792999
832,317.08371205329894
833,178.97740367799997
834,84.86157496869563
835,25.967350932955743
836,0.0
837,0.0
838,0.0
839,0.0
840,0.0
841,0.0
842,11.08693498056382
843,53.80968075245619
844,159.21339850723743
845,323.96215461194515
846,501.35122553408144
847,684.1512014865875
848,732.4563115417957
849,679.8190570771694
850,819.9359578013419
851,805.1408003568649
852,812.5315795183182
853,772.278110986948
854,648.6329058766365
855,434.82919926345346
856,294.56967946887016
857,171.92579553723334
858,88.70506104379892
859,26.134500363282857
860,0.0
861,0.0
862,0.0
863,0.0
864,0.0
865,0.0
866,14.14599041249603
867,61.35212360210716
868,159.10749019682407
869,332.005073466897
870,542.8123029291629
871,715.0581586003303
872,802.9111625611782
873,851.6265127837657
874,882.8462496936321
875,868.2892829239368
876,777.11033218503
877,745.8518583834172
878,609.7351598739624
879,433.2046880364418
880,277.6657653093338
881,171.92110796123742
882,84.56005909144878
883,27.362975808419286
884,0.0
885,0.0
886,0.0
887,0.0
888,0.0
889,0.0
890,2.014870647329371
891,12.709812853485346
892,25.67688648831099
893,50.38602892197668
894,75.8359392888844
895,103.35245682075619
896,155.0817381173372
897,213.62614535540342
898,274.7715219587088
899,431.836087551713
900,468.2759296953678
901,459.87380172014235
902,438.56926676630974
903,392.34097609519955
904,222.58449800759553
905,132.40492816865444
906,71.59714289009571
907,24.416053032316267
908,0.0
909,0.0
910,0.0
911,0.0
912,0.0
913,0.0
914,8.09942356995307
915,29.326690251007676
916,67.95983718372881
917,119.32508871182799
918,252.27374994009733
919,373.3831824839115
920,440.37671365141864
921,452.49651865661144
922,537.5666821718215
923,551.4153957009315
924,636.7553781509399
925,543.2175979614258
926,445.50629543960093
927,259.18172594457866
928,213.62207592129707
929,82.55343315303325
930,53.095598090440035
931,11.981827364768833
932,0.0
933,0.0
934,0.0
935,0.0
936,0.0
937,0.0
938,1.6307331578107551
939,17.281332709640264
940,30.34877928011119
941,61.04703194573521
942,131.56455568447709
943,318.81990091502666
944,368.80463984906675
945,305.03907997012135
946,331.52810831665994
947,227.98068782687187
948,208.82083050012588
949,183.08593525886536
950,146.9244973540306
951,125.69516966342925
952,93.68078559860587
953,67.15055637806654
954,52.96577970832586
955,14.862918029632418
956,2.467197718913667
957,0.0
958,0.0
959,0.0
960,0.0
961,0.0
962,3.1149200052022934
963,22.93424243610352
964,65.45750437639653
965,124.97324861884117
966,238.43053100556133
967,349.9745955616236
968,334.1900676816702
969,323.1820595473051
970,354.6022804766893
971,367.5729577928781
972,335.27610864043237
973,424.6331205010414
974,448.08951039612293
975,431.4777369618416
976,272.5458677440882
977,203.81633659154176
978,103.49071455672383
979,38.13998131379485
980,6.782151935063302
981,0.0
982,0.0
983,0.0
984,0.0
985,0.0
986,9.85436971122399
987,37.630413471534844
988,70.23128111734987
989,149.94011973291634
990,224.47733432650566
991,251.86610253453253
992,373.15635875165464
993,307.7581144362688
994,353.2798345863819
995,368.8206428557634
996,299.4863457173109
997,372.6291867434978
998,329.6798984080553
999,241.37563369721173
1000,159.44762277156113
1001,92.04945764020086
1002,51.86894702240824
1003,15.17650699065998
1004,2.5785249659093097
1005,0.0
1006,0.0
1007,0.0
1008,0.0
1009,0.0
1010,13.748014351911841
1011,37.813336251676084
1012,80.20366119816899
1013,120.6962819583714
1014,227.94416594356298
1015,298.04947489500046
1016,462.0550870835781
1017,427.40868060886856
1018,334.2457004517317
1019,378.61832917034627
1020,354.2428653091192
1021,331.3117586553097
1022,422.9673998147249
1023,305.311028060317
1024,219.41252007186412
1025,139.93303785324096
1026,73.07162592932582
1027,30.565216940827668
1028,7.154144573025405
1029,0.0
1030,0.0
1031,0.0
1032,0.0
1033,0.0
1034,8.881115501141176
1035,42.446065032854676
1036,105.07426529824734
1037,168.93913997411727
1038,264.2428485184908
1039,322.5686910867691
1040,456.24063842296596
1041,545.2687987983227
1042,528.4157096385956
1043,445.90338292121885
1044,386.437102907896
1045,326.00696798264977
1046,193.6263190537691
1047,144.18593990653753
1048,114.93489906191826
1049,75.2224935606122
1050,43.09967281334102
1051,17.450044665299355
1052,2.813102032570168
1053,0.0
1054,0.0
1055,0.0
1056,0.0
1057,0.0
1058,2.3650894786929713
1059,14.899109378736465
1060,42.61122481897473
1061,111.18045117482542
1062,171.50065128207206
1063,218.81032967716453
1064,246.48062717467545
1065,307.4650121569633
1066,300.2416464239359
1067,320.4358268380165
1068,324.7025855720043
1069,276.11247776448727
1070,244.12722363620995
1071,223.7726525723934
1072,185.3879643380642
1073,116.76135381013154
1074,68.28245144560933
1075,24.33383157569915
1076,5.299466174421831
1077,0.0
1078,0.0
1079,0.0
1080,0.0
1081,0.0
1082,5.460291455173865
1083,29.858251495845614
1084,65.2754830531776
1085,135.18400825113056
1086,175.05877902209758
1087,255.6927957549691
1088,251.36492682695388
1089,291.75888527333734
1090,308.64185129106045
1091,367.96740100085736
1092,342.7924392879009
1093,301.80331322550774
1094,287.11535188704727
1095,199.76338626891373
1096,238.96360970288515
1097,163.40175624489783
1098,82.16336845010518
1099,22.86517151892185
1100,3.6860648673959076
1101,0.0
1102,0.0
1103,0.0
1104,0.0
1105,0.0
1106,4.761141856340691
1107,21.693507176823914
1108,51.656658209860325
1109,127.57930906936525
1110,124.97677717879414
1111,133.21100236326456
1112,159.35203399658204
1113,188.0353973686695
1114,275.3638735949993
1115,326.95420174598695
1116,342.13789570927617
1117,230.86344404071568
1118,236.39186471253632
1119,219.2838263645768
1120,223.73137443065642
1121,185.56071782559155
1122,101.2581234164536
1123,44.75406089834869
1124,9.590459611918776
1125,0.0
1126,0.0
1127,0.0
1128,0.0
1129,0.0
1130,25.215535859763623
1131,90.74938505217433
1132,202.60707934945822
1133,385.52582439780235
1134,573.7701537251472
1135,769.5590421795845
1136,893.2021868169307
1137,997.6942654788494
1138,1017.6547539174557
1139,1014.4827931523323
1140,978.2376313626766
1141,894.6482954263687
1142,735.2312191665172
1143,561.4187515586615
1144,401.18981460928916
1145,235.3576274782419
1146,127.25601227581501
1147,55.378044091165066
1148,14.22715158406645
1149,0.0
1150,0.0
1151,0.0
1152,0.0
1153,0.0
1154,23.90791035052389
1155,82.26799755021929
1156,158.5029817700386
1157,295.6560638397932
1158,503.14108971655367
1159,638.5710669279098
1160,746.9938411831855
1161,785.7688516795635
1162,728.9056358456611
1163,578.3427553296088
1164,329.3840831726789
1165,197.37055901437998
1166,307.3544677823782
1167,358.5606894314289
1168,210.96265780627726
1169,120.70078924298286
1170,74.04052041471004
1171,34.2987488809973
1172,7.49283535326831
1173,0.0
1174,0.0
1175,0.0
1176,0.0
1177,0.0
1178,13.349715269263834
1179,46.01064892150462
1180,103.4039686448872
1181,266.77415672689676
1182,469.88114115893836
1183,643.2148922145367
1184,705.581493973732
1185,838.826099216938
1186,885.6721196830272
1187,989.2820411860943
1188,929.1171234726905
1189,904.7194065034389
1190,746.5250149011612
1191,564.7381735056639
1192,412.92585652470586
1193,238.37246000915763
1194,124.85714096724986
1195,50.68293449096382
1196,16.5140490649268
1197,0.0
1198,0.0
1199,0.0
1200,0.0
1201,0.0
1202,29.38081844653934
1203,83.4393335044384
1204,190.7656614124775
1205,354.81687873601913
1206,490.69878635108466
1207,682.9209617614746
1208,863.0645416259765
1209,969.3511548757552
1210,977.3815735280514
1211,989.1292227745056
1212,977.5226472437381
1213,872.4038413882255
1214,738.3082608103751
1215,554.2711425483227
1216,405.1493911653757
1217,252.07450220435857
1218,122.98071974962949
1219,55.22832926698029
1220,16.861614366620778
1221,0.0
1222,0.0
1223,0.0
1224,0.0
1225,0.0
1226,23.85743305552751
1227,77.96318016350268
1228,183.7757987782359
1229,326.32912293076515
1230,471.6200773179531
1231,699.6370981514453
1232,815.2711156904697
1233,870.4643868684768
1234,893.2438770532608
1235,799.3185218989848
1236,848.9050400912762
1237,724.1482784986496
1238,551.1782696038484
1239,462.7484705775976
1240,303.07064146399495
1241,185.30015384852885
1242,108.18686727136372
1243,53.91308644674718
1244,11.845662296656519
1245,0.0
1246,0.0
1247,0.0
1248,0.0
1249,0.0
1250,5.581572825601325
1251,24.25611525736749
1252,68.64726247675716
1253,155.17018391937017
1254,231.09492100775242
1255,283.92122386693956
1256,251.2150102481246
1257,201.24321795254946
1258,406.5964613288641
1259,766.6666875958442
1260,832.6775792062282
1261,705.1650037050247
1262,711.278770405054
1263,567.771636146307
1264,368.08460757136345
1265,226.75111775547265
1266,113.61827400773763
1267,53.32567994557321
1268,13.877209226321428
1269,0.0
1270,0.0
1271,0.0
1272,0.0
1273,0.0
1274,13.281518979929388
1275,18.748361558653414
1276,32.2988173333928
1277,36.62355047911405
1278,70.45318547040223
1279,152.85632429122924
1280,233.06169396489858
1281,244.20419947206972
1282,263.97716770023106
1283,275.3135465428233
1284,323.64762341380117
1285,470.38262593746185
1286,481.8502225667238
1287,417.42620421051976
1288,285.99388796389104
1289,205.56442468464374
1290,105.02542350366711
1291,48.88332169577479
1292,9.98144723502919
1293,0.0
1294,0.0
1295,0.0
1296,0.0
1297,0.0
1298,23.77707890253514
1299,77.02197328358888
1300,177.10421053469182
1301,335.3198593497276
1302,496.35135051906104
1303,696.8160359323025
1304,834.080761295557
1305,915.0685440659522
1306,902.2999991476536
1307,860.7471963644027
1308,872.2784272670746
1309,786.8291710674763
1310,597.1085128605365
1311,549.6345975995064
1312,313.57300953269004
1313,177.56455453634263
1314,92.50186882093548
1315,35.806650216132404
1316,0.0
1317,0.0
1318,0.0
1319,0.0
1320,0.0
1321,0.0
1322,22.498516793735323
1323,75.46655658334494
1324,172.65819065272808
1325,316.36883095800874
1326,491.4560788482427
1327,659.5539620518684
1328,820.3604152321815
1329,950.9824504852295
1330,962.7435614883899
1331,968.1927569746971
1332,926.0261392951011
1333,828.201476418972
1334,636.0252152144909
1335,445.9902661979198
1336,323.36891010403633
1337,186.41605449467897
1338,114.7544874832034
1339,58.143121542781586
1340,13.305345344915986
1341,0.0
1342,0.0
1343,0.0
1344,0.0
1345,0.0
1346,19.52402231376618
1347,62.52081099003553
1348,90.55735755711794
1349,126.14576934501528
1350,157.25069498419762
1351,217.03943901658056
1352,312.2838746219873
1353,418.20276212990285
1354,297.3114478200674
1355,247.52980283796785
1356,352.68023695349694
1357,292.36816712915896
1358,225.2194480061531
1359,187.155644094944
1360,146.33485867381094
1361,88.82861215397715
1362,39.808354859054084
1363,23.676946355402468
1364,4.18005816328805
1365,0.0
1366,0.0
1367,0.0
1368,0.0
1369,0.0
1370,4.229425271158107
1371,18.0471911938861
1372,28.57542249094695
1373,53.240226121991874
1374,75.44166778698563
1375,122.36588320210575
1376,121.64778261780738
1377,119.30123873725533
1378,166.09692356586456
1379,147.30472329854965
1380,217.67509492635725
1381,199.5378331616521
1382,196.9791893452406
1383,187.66205683797597
1384,135.90281283035873
1385,105.49667084142565
1386,57.124694145843385
1387,21.023080785758793
1388,4.134097006497904
1389,0.0
1390,0.0
1391,0.0
1392,0.0
1393,0.0
1394,23.880257086269555
1395,75.39307496622204
1396,150.32106684297324
1397,230.73128187060354
1398,430.94833277463914
1399,598.8964539349079
1400,713.5840275585651
1401,864.6769304037093
1402,897.8271931171416
1403,936.0399692237377
1404,872.1823405444621
1405,764.3791505098343
1406,514.089000722766
1407,412.5929871171713
1408,254.96529426276683
1409,187.4101468473673
1410,102.77917314469813
1411,55.463515085354445
1412,10.36482935193926
1413,0.0
1414,0.0
1415,0.0
1416,0.0
1417,0.0
1418,12.81679969271645
1419,51.150623220205304
1420,79.30817106217145
1421,83.93251629397272
1422,95.63929949328303
1423,240.6702479481697
1424,353.6653490781784
1425,550.0420217871666
1426,630.1349411487579
1427,724.5002072811127
1428,663.5630243003368
1429,514.4207368701697
1430,354.816054546833
1431,235.7979505509138
1432,172.8543133378029
1433,117.90713131427765
1434,82.75874211341143
1435,42.27931696549058
1436,9.28792530298233
1437,0.0
1438,0.0
1439,0.0
1440,0.0
1441,0.0
1442,0.0
1443,8.777095710486174
1444,37.800519078969955
1445,124.60574956834317
1446,258.8971778869629
1447,334.1119536995888
1448,431.94476412534715
1449,440.59011737108233
1450,426.86550067663194
1451,552.6673572063446
1452,195.29668162465097
1453,327.7920987725258
1454,345.98381595611573
1455,295.18662353754047
1456,200.47620466947555
1457,111.673572447896
1458,38.857359637320044
1459,0.0
1460,0.0
1461,0.0
1462,0.0
1463,0.0
1464,0.0
1465,0.0
1466,0.0
1467,17.52167147397995
1468,69.64910213649273
1469,134.1765639781952
1470,264.7806928038597
1471,349.1881311178208
1472,540.3901369571686
1473,598.4594940662384
1474,636.8009323596955
1475,601.7613430023193
1476,622.8295915603638
1477,604.018621301651
1478,503.6843108654022
1479,409.06686784029006
1480,272.9125191092491
1481,130.0513083457947
1482,51.63381860554218
1483,10.536244052276016
1484,0.0
1485,0.0
1486,0.0
1487,0.0
1488,0.0
1489,0.0
1490,0.0
1491,30.995376650243998
1492,82.23582976162434
1493,215.62933069467545
1494,342.3912722826004
1495,543.1470002889633
1496,695.9299936294556
1497,778.9492886066437
1498,808.0452758073807
1499,749.3986402988434
1500,754.9732585430146
1501,658.9482488393784
1502,472.62102513313295
1503,332.6085810899735
1504,231.37153211832046
1505,130.77712168693543
1506,64.01084414720536
1507,20.530947015434503
1508,0.0
1509,0.0
1510,0.0
1511,0.0
1512,0.0
1513,0.0
1514,0.0
1515,22.207025753706695
1516,75.58863790333271
1517,202.5780217587948
1518,301.4809480905533
1519,474.89400297403336
1520,613.0181824207306
1521,572.4490774869919
1522,713.0160400629044
1523,519.9284209728241
1524,629.9204816579819
1525,653.0140008687973
1526,529.7756977558137
1527,411.2682891368866
1528,287.65998923778534
1529,130.48575666546822
1530,60.15727325230837
1531,17.966922537982466
1532,0.0
1533,0.0
1534,0.0
1535,0.0
1536,0.0
1537,0.0
1538,0.0
1539,39.783684723079205
1540,82.3243072539568
1541,204.9143339931965
1542,355.88054480552677
1543,543.3377184391022
1544,672.7192789793015
1545,761.6550668478012
1546,772.8582239627839
1547,814.7156445980072
1548,772.2492485761643
1549,722.2370630264282
1550,593.2025010824203
1551,448.25429395437243
1552,292.2071067452431
1553,177.41438244581224
1554,82.37521905004978
1555,26.5765794351697
1556,0.0
1557,0.0
1558,0.0
1559,0.0
1560,0.0
1561,0.0
1562,8.523435096815229
1563,32.530585889518264
1564,104.46441445648671
1565,209.68766491413118
1566,360.3834831476212
1567,515.9686212301254
1568,617.7879235982895
1569,620.3543666839599
1570,648.773158478737
1571,660.656132555008
1572,658.8849144458771
1573,671.679176902771
1574,554.923384308815
1575,385.8602940559387
1576,269.81720702648164
1577,164.160230666399
1578,81.22606176137924
1579,26.935291244834662
1580,0.0
1581,0.0
1582,0.0
1583,0.0
1584,0.0
1585,0.0
1586,10.430997356772423
1587,40.81691638827324
1588,106.74499629735946
1589,227.22222073674203
1590,387.4326016545296
1591,537.6916032314301
1592,679.455305814743
1593,719.3492410898209
1594,764.7637548208237
1595,734.0652227640152
1596,693.9937366962433
1597,661.4841269731522
1598,507.41031553745273
1599,390.572003531456
1600,277.024160528183
1601,170.84309653043746
1602,82.09955357015133
1603,28.3625084169209
1604,0.0
1605,0.0
1606,0.0
1607,0.0
1608,0.0
1609,0.0
1610,1.2145327901467682
1611,11.742729244753718
1612,21.48776816278696
1613,43.103381833434106
1614,66.42271973490715
1615,84.24744896292687
1616,131.72838878631592
1617,169.03374670743943
1618,225.60110156536103
1619,368.04700434207916
1620,437.97103464603424
1621,418.2605432152748
1622,410.38601660728455
1623,317.6352699279785
1624,200.78900388479232
1625,118.01149525344373
1626,61.43499846607447
1627,25.59008332416415
1628,0.0
1629,0.0
1630,0.0
1631,0.0
1632,0.0
1633,0.0
1634,8.625780951976777
1635,27.87253078892827
1636,63.057618328928946
1637,103.67856600880623
1638,219.11233506202697
1639,302.6036291599274
1640,370.1129091024399
1641,458.7338124275208
1642,471.09057304859164
1643,487.5006156921387
1644,553.9135492801666
1645,472.18960053920745
1646,359.9812829375267
1647,216.20001052021982
1648,148.32676634788513
1649,72.12487813532353
1650,41.18021405786276
1651,10.747024175897241
1652,0.0
1653,0.0
1654,0.0
1655,0.0
1656,0.0
1657,0.0
1658,1.238837568461895
1659,16.706520442664623
1660,26.873438923805953
1661,50.76589760184288
1662,108.84665698707104
1663,244.33609140515327
1664,301.6753900408745
1665,253.82235320806504
1666,345.3496378898621
1667,237.29520449638366
1668,196.73569207191468
1669,163.64381405711174
1670,137.974706107378
1671,126.25464084148408
1672,90.92277040779591
1673,61.43407496362925
1674,48.24768517613411
1675,13.049252467229962
1676,2.4325896916911005
1677,0.0
1678,0.0
1679,0.0
1680,0.0
1681,0.0
1682,2.7232208917848766
1683,18.87935971096158
1684,51.7923407793045
1685,91.86379705667495
1686,210.36712439060213
1687,307.0555961251259
1688,297.2373351931572
1689,256.3970184445381
1690,274.23762595653534
1691,309.80912293195723
1692,291.3583484172821
1693,361.06845384836197
1694,371.93763077259064
1695,351.915412580967
1696,262.0184076189995
1697,176.34791586399078
1698,92.12076161205769
1699,33.27057946175337
1700,8.738787116110325
1701,0.0
1702,0.0
1703,0.0
1704,0.0
1705,0.0
1706,11.402996713668108
1707,33.48811269700527
1708,75.46597592532635
1709,112.53381497561932
1710,194.5212672650814
1711,194.08249933719637
1712,311.1537722826004
1713,289.81535457372667
1714,295.1015123605728
1715,314.3697354912758
1716,275.37919414043427
1717,342.49646219015125
1718,289.4753567218781
1719,217.65591212511063
1720,151.72500212788583
1721,84.56188665032387
1722,49.45520558506251
1723,15.785784780979156
1724,2.56449786555022
1725,0.0
1726,0.0
1727,0.0
1728,0.0
1729,0.0
1730,11.321931445598603
1731,34.68390313535929
1732,66.45825968384743
1733,89.55878708660603
1734,168.00255196094514
1735,269.75482592582705
1736,379.50060936212543
1737,414.30074347257613
1738,335.5646826267243
1739,275.8505378723145
1740,258.14485108852386
1741,279.52131114006045
1742,272.14187121391296
1743,253.94246810674667
1744,194.82292487025262
1745,125.28059898018837
1746,66.55837032794953
1747,29.923348572850227
1748,7.57521546240896
1749,0.0
1750,0.0
1751,0.0
1752,0.0
1753,0.0
1754,10.341069444268943
1755,35.48031600415707
1756,74.39332783520221
1757,126.75908170938492
1758,217.59563124775886
1759,276.949416410923
1760,378.1941513061524
1761,448.1267314553261
1762,384.7390131354332
1763,367.26738953590393
1764,324.253684258461
1765,272.1302231669426
1766,148.5959971010685
1767,134.3421986103058
1768,102.55029179155827
1769,67.92077475786209
1770,40.306249326467515
1771,17.616440326720475
1772,3.10480777323246
1773,0.0
1774,0.0
1775,0.0
1776,0.0
1777,0.0
1778,1.9380262037739158
1779,11.160962735116483
1780,43.551786956191066
1781,86.019918268919
1782,143.44344926476478
1783,185.17841645479203
1784,219.40276168584825
1785,288.5013297557831
1786,260.93043236732484
1787,285.917310333252
1788,272.4678377866745
1789,247.25876811146736
1790,196.26664220094682
1791,190.77208566069604
1792,155.55810329318047
1793,109.75250861942769
1794,52.33138692229986
1795,23.466346085071564
1796,5.530628061667085
1797,0.0
1798,0.0
1799,0.0
1800,0.0
1801,0.0
1802,6.339251271262765
1803,25.847783330082894
1804,53.91466483622789
1805,116.75898761451245
1806,142.58122567534448
1807,216.7765292644501
1808,214.66096390485765
1809,247.51173330545427
1810,261.086295747757
1811,339.24531651735305
1812,309.3344426751137
1813,247.10984589457513
1814,241.03924725651743
1815,179.926264411211
1816,213.37888929247856
1817,148.82453416585923
1818,75.3370281726122
1819,23.797252278774977
1820,5.281885191611946
1821,0.0
1822,0.0
1823,0.0
1824,0.0
1825,0.0
1826,4.714157874137164
1827,19.426240729540588
1828,44.51610225141049
1829,98.01072615087033
1830,114.95649703145027
1831,120.85373042821884
1832,140.9533738732338
1833,208.5317228615284
1834,224.5422464311123
1835,300.8276743769646
1836,298.2987969875336
1837,226.05445189476015
1838,189.26832577586174
1839,153.9856318473816
1840,170.7889524757862
1841,147.56527900099755
1842,85.074787992239
1843,41.131138095259665
1844,11.996965185552837
1845,0.0
1846,0.0
1847,0.0
1848,0.0
1849,0.0
1850,20.24089277163148
1851,64.65027277171612
1852,137.41329109668732
1853,264.837920165062
1854,451.58212012052536
1855,621.6797416448593
1856,750.7044727563858
1857,842.4033799409866
1858,868.1657616376878
1859,878.1737874269486
1860,856.0076434135437
1861,800.6130472898484
1862,639.4173637390137
1863,517.4888849973679
1864,374.1116151094437
1865,224.8691514015198
1866,113.94702693521977
1867,50.07611947506666
1868,14.794749357551337
1869,0.0
1870,0.0
1871,0.0
1872,0.0
1873,0.0
1874,19.974026631563902
1875,53.80456696003676
1876,119.03805759251118
1877,196.31220661997796
1878,374.38166509866716
1879,532.0217748641968
1880,635.9750828504563
1881,656.283557009697
1882,646.7834575653077
1883,562.0686120986938
1884,296.8668617606163
1885,210.0007471382618
1886,263.94897458553316
1887,345.7977748990059
1888,230.36288870573046
1889,103.51835322976113
1890,53.76651716977358
1891,36.451918776333336
1892,10.090120688080788
1893,0.0
1894,0.0
1895,0.0
1896,0.0
1897,0.0
1898,11.940887547656894
1899,37.62208946943283
1900,80.97286569178105
1901,191.08591264486313
1902,360.4079708576202
1903,548.4842486143112
1904,617.630213212967
1905,735.7443289518357
1906,767.4250505447388
1907,843.1722106218339
1908,826.0115690231323
1909,784.8358123540878
1910,644.3159781932831
1911,489.4496229171753
1912,370.7583777308464
1913,220.1024041593075
1914,112.5536404877901
1915,49.376130688190464
1916,15.903946546465159
1917,0.0
1918,0.0
1919,0.0
1920,0.0
1921,0.0
1922,20.35218784958124
1923,57.74940447360277
1924,134.35819605588912
1925,230.82037990093232
1926,389.38536247015
1927,581.3351967573166
1928,729.644505929947
1929,826.8789463520051
1930,841.6782815694809
1931,870.3303322076798
1932,842.208908200264
1933,788.7499136209489
1934,641.1526546239853
1935,503.29763145446776
1936,368.5177224755287
1937,231.0111129462719
1938,115.73258167505264
1939,53.17179276645184
1940,18.89197780787945
1941,0.0
1942,0.0
1943,0.0
1944,0.0
1945,0.0
1946,19.978530567884444
1947,54.02039841860533
1948,128.4643289744854
1949,222.8636168897152
1950,377.86630793809894
1951,583.2459531068802
1952,674.9729228496552
1953,748.1684754610062
1954,771.3424287557602
1955,688.9040466070176
1956,710.0597002029419
1957,619.1145497560501
1958,469.6013508796692
1959,383.2372789978981
1960,278.9639923095703
1961,170.36515422463418
1962,101.32463275194168
1963,46.5488353997469
1964,12.870728831738234
1965,0.0
1966,0.0
1967,0.0
1968,0.0
1969,0.0
1970,9.470907643809914
1971,22.176442182809115
1972,52.292618438601494
1973,108.0748249232769
1974,173.40933108329773
1975,278.8772426605225
1976,218.61219890713693
1977,181.13425029516222
1978,394.8729331612587
1979,681.9413743972779
1980,695.4715193510056
1981,592.1635906219483
1982,609.7697178840638
1983,451.4343895196915
1984,307.0146045327187
1985,204.2218710064888
1986,105.07368029952049
1987,51.44604225754738
1988,16.696058426052332
1989,0.0
1990,0.0
1991,0.0
1992,0.0
1993,0.0
1994,14.529602682217956
1995,17.141208947449922
1996,37.97150481194258
1997,38.549129524827
1998,62.8491004139185
1999,123.51620287299157
2000,216.39868270754815
2001,192.60519332885744
2002,239.3121189415455
2003,273.02929748296737
2004,360.5565057992935
2005,425.5344655394554
2006,407.3456082344055
2007,401.00781948566436
2008,234.1827480375767
2009,177.4957698225975
2010,99.06483716368676
2011,42.181514136493206
2012,10.871223152428866
2013,0.0
2014,0.0
2015,0.0
2016,0.0
2017,0.0
2018,17.838505426794292
2019,55.34282040596008
2020,126.69443653821945
2021,222.97472019195558
2022,400.61485430002216
2023,583.6766031503678
2024,702.9131616353989
2025,764.6058656930924
2026,831.6333752632141
2027,823.1830895662308
2028,805.5322171211243
2029,697.3638652324677
2030,523.3836904764175
2031,441.70395069122316
2032,311.56529688835144
2033,180.6046812236309
2034,95.46543425023556
2035,40.471552540361884
2036,10.513745782524348
2037,0.0
2038,0.0
2039,0.0
2040,0.0
2041,0.0
2042,19.01856653317809
2043,55.079257276654246
2044,123.8436887562275
2045,229.7277573466301
2046,377.9666718006134
2047,517.7460953235626
2048,677.6669880151749
2049,822.4476241350175
2050,855.2946995258332
2051,855.3071519136429
2052,819.797350859642
2053,740.3205516815186
2054,546.1398036003113
2055,376.42287361621857
2056,298.8940092086792
2057,170.7357021331787
2058,109.49190963506699
2059,51.57396224141121
2060,14.849448258429765
2061,0.0
2062,0.0
2063,0.0
2064,0.0
2065,0.0
2066,19.558195450901987
2067,53.53781253397465
2068,73.2645620763302
2069,117.41439134180546
2070,155.70537214279176
2071,177.0938973069191
2072,252.45723785161974
2073,347.2822306036949
2074,209.59047372937204
2075,190.13221762776377
2076,286.7793253898621
2077,225.9945880830288
2078,188.8155712544918
2079,154.570730227232
2080,129.08615891933442
2081,75.50691538453103
2082,36.15067451298237
2083,20.407449044287205
2084,5.8732227986678485
2085,0.0
2086,0.0
2087,0.0
2088,0.0
2089,0.0
2090,5.286755456775427
2091,15.24318054690957
2092,28.362009427696467
2093,52.67507878392935
2094,75.90114666223526
2095,107.02405043542386
2096,112.40588009655475
2097,99.15893759429456
2098,131.70178595781326
2099,144.71585689187052
2100,160.0167135179043
2101,172.3297716200352
2102,172.77965136766434
2103,150.48963886499405
2104,116.7255702316761
2105,94.99986240863801
2106,52.319880379736425
2107,20.448587726801634
2108,6.236095955036581
2109,0.0
2110,0.0
2111,0.0
2112,0.0
2113,0.0
2114,19.870855023711922
2115,57.84718401879072
2116,104.51998845040798
2117,175.90211740136147
2118,324.12650903463367
2119,492.61232088804246
2120,636.3757041692734
2121,751.4734225988389
2122,739.8288908958435
2123,736.1089038848877
2124,700.5408328056336
2125,617.5352414131165
2126,413.89362784624103
2127,360.8667132496834
2128,217.24593662023545
2129,155.05863742232324
2130,86.67707962989807
2131,41.88286163806915
2132,16.24645051583648
2133,0.0
2134,0.0
2135,0.0
2136,0.0
2137,0.0
2138,12.278627845644952
2139,35.66775348633528
2140,60.926446522772316
2141,75.1894241809845
2142,85.07670202553273
2143,183.84979434013368
2144,280.58715212345123
2145,394.1460473656654
2146,435.5507134795189
2147,581.2846722364426
2148,537.8450237989426
2149,370.20275695323943
2150,324.0108924865723
2151,192.82991722226143
2152,148.66935596466064
2153,110.3480187445879
2154,74.70337888598442
2155,39.50321926474572
2156,11.097457977756859
2157,0.0
2158,0.0
2159,0.0
